DataHora;CO_%;CO2_%;HC_ppm;O2_%;NOx_ppm;RPM;Temp_C
20:49:14.357;0,0;0,0;0;20,9;0;0;250,0
20:49:14.806;0,0;0,0;0;20,9;0;0;250,0
20:49:15.389;0,0;0,0;0;20,9;0;0;250,0
20:49:15.963;0,0;0,0;0;20,9;0;0;250,0
20:49:16.523;0,0;0,0;0;20,9;0;0;250,0
20:49:17.087;0,0;0,0;0;20,9;0;0;250,0
20:49:17.591;0,0;0,0;0;20,9;0;0;250,0
20:49:18.164;0,0;0,0;0;20,9;0;0;250,0
20:49:18.616;0,0;0,0;0;20,9;0;0;250,0
20:49:18.730;0,0;0,0;0;20,9;0;0;250,0
20:49:19.126;0,0;0,0;0;20,9;0;0;250,0
20:49:19.531;0,0;0,0;0;20,9;0;0;250,0
20:49:19.937;0,0;0,0;0;20,9;0;0;250,0
20:49:20.322;0,0;0,0;0;20,9;0;0;250,0
20:49:20.715;0,0;0,0;0;20,9;0;0;250,0
20:49:21.057;0,0;0,0;0;20,9;0;0;250,0
20:49:21.455;0,0;0,0;0;20,9;0;0;250,0
20:49:21.861;0,0;0,0;0;20,9;0;0;250,0
20:49:22.216;0,0;0,0;0;20,9;0;0;250,0
20:49:22.677;0,0;0,0;0;20,9;0;0;250,0
20:49:23.079;0,0;0,0;0;20,9;0;0;250,0
20:49:23.451;0,0;0,0;0;20,9;0;0;250,0
20:49:23.864;0,0;0,0;0;20,9;0;0;250,0
20:49:24.262;0,0;0,0;0;20,9;0;0;250,0
20:49:24.476;0,0;0,0;0;20,9;0;0;250,0
20:49:24.876;0,0;0,0;0;20,9;0;0;250,0
20:49:25.335;0,0;0,0;0;20,9;0;0;250,0
20:49:25.742;0,0;0,0;0;20,9;0;0;250,0
20:49:26.244;0,0;0,0;0;20,9;0;0;250,0
20:49:26.813;0,0;0,0;0;20,9;0;0;250,0
20:49:27.264;0,0;0,0;0;20,9;0;0;250,0
20:49:27.646;0,0;0,0;0;20,9;0;0;250,0
20:49:28.595;0,0;0,0;0;20,9;0;0;250,0
20:49:28.821;0,0;0,0;0;20,9;0;0;250,0
20:49:29.285;0,0;0,0;0;20,9;0;0;250,0
20:49:29.676;0,0;0,0;0;20,9;0;0;250,0
20:49:29.902;0,0;0,0;0;20,9;0;0;250,0
20:49:30.236;0,0;0,0;0;20,9;0;0;250,0
20:49:30.518;0,0;0,0;0;20,9;0;0;250,0
20:49:30.856;0,0;0,0;0;20,9;0;0;250,0
20:49:31.151;0,0;0,0;0;20,9;0;0;250,0
20:49:31.485;0,0;0,0;0;20,9;0;0;250,0
20:49:31.835;0,0;0,0;0;20,9;0;0;250,0
20:49:32.205;0,0;0,0;0;20,9;0;0;250,0
20:49:32.594;0,0;0,0;0;20,9;0;0;250,0
20:49:33.066;0,0;0,0;0;20,9;0;0;250,0
20:49:33.235;0,0;0,0;0;20,9;0;0;250,0
20:49:33.560;0,0;0,0;0;20,9;0;0;250,0
20:49:33.949;0,0;0,0;0;20,9;0;0;250,0
20:49:34.282;0,0;0,0;0;20,9;0;0;250,0
20:49:34.618;0,0;0,0;0;20,9;0;0;250,0
20:49:35.018;0,0;0,0;0;20,9;0;0;250,0
20:49:35.367;0,0;0,0;0;20,9;0;0;250,0
20:49:35.751;0,0;0,0;0;20,9;0;0;250,0
20:49:36.019;0,0;0,0;0;20,9;0;0;250,0
20:49:36.294;0,0;0,0;0;20,9;0;0;250,0
20:49:36.695;0,0;0,0;0;20,9;0;0;250,0
20:49:44.943;0,0;0,0;0;20,9;0;0;250,0
20:49:45.326;0,0;0,0;0;20,9;0;0;250,0
20:49:45.727;0,0;0,0;0;20,9;0;0;250,0
20:49:46.116;0,0;0,0;0;20,9;0;0;250,0
20:49:46.566;0,0;0,0;0;20,9;0;0;250,0
20:49:46.902;0,0;0,0;0;20,9;0;0;250,0
20:49:47.355;0,0;0,0;0;20,9;0;0;250,0
20:49:47.532;0,0;0,0;0;20,9;0;0;250,0
20:49:47.965;0,0;0,0;0;20,9;0;0;250,0
20:49:48.356;0,0;0,0;0;20,9;0;0;250,0
20:49:48.699;0,0;0,0;0;20,9;0;0;250,0
20:49:49.155;0,0;0,0;0;20,9;0;0;250,0
20:49:49.559;0,0;0,0;0;20,9;0;0;250,0
20:49:49.885;0,0;0,0;0;20,9;0;0;250,0
20:49:50.276;0,0;0,0;0;20,9;0;0;250,0
20:49:50.444;0,0;0,0;0;20,9;0;0;250,0
20:49:57.433;0,0;0,0;0;20,9;0;0;250,0
20:49:57.817;0,0;0,0;0;20,9;0;0;250,0
20:49:58.216;0,0;0,0;0;20,9;0;0;250,0
20:49:58.505;0,0;0,0;0;20,9;0;0;250,0
20:49:58.968;0,0;0,0;0;20,9;0;0;250,0
20:49:59.518;0,0;0,0;0;20,9;0;0;250,0
20:50:00.085;0,0;0,0;0;20,9;0;0;250,0
20:50:00.642;0,0;0,0;0;20,9;0;0;250,0
20:50:01.135;0,0;0,0;0;20,9;0;0;250,0
20:50:01.651;0,0;0,0;0;20,9;0;0;250,0
20:50:02.176;0,0;0,0;0;20,9;0;0;250,0
20:50:02.733;0,0;0,0;0;20,9;0;0;250,0
20:50:03.244;0,0;0,0;0;20,9;0;0;250,0
20:50:03.754;0,0;0,0;0;20,9;0;0;250,0
20:50:04.176;0,0;0,0;0;20,9;0;0;250,0
20:50:04.561;0,0;0,0;0;20,9;0;0;250,0
20:50:04.948;0,0;0,0;0;20,9;0;0;250,0
20:50:05.482;0,0;0,0;0;20,9;0;0;250,0
20:50:06.045;0,0;0,0;0;20,9;0;0;250,0
20:50:06.475;0,0;0,0;0;20,9;0;0;250,0
20:50:06.969;0,0;0,0;0;20,9;0;0;250,0
20:50:07.279;0,0;0,0;0;20,9;0;0;250,0
20:50:07.773;0,0;0,0;0;20,9;0;0;250,0
20:50:08.268;0,0;0,0;0;20,9;0;0;250,0
20:50:08.883;0,0;0,0;0;20,9;0;0;250,0
20:50:09.441;0,0;0,0;0;20,9;0;0;250,0
20:50:09.874;0,0;0,0;0;20,9;0;0;250,0
20:50:10.434;0,0;0,0;0;20,9;0;0;250,0
20:50:10.620;0,0;0,0;0;20,9;0;0;250,0
20:50:11.180;0,0;0,0;0;20,9;0;0;250,0
20:50:11.364;0,0;0,0;0;20,9;0;0;250,0
20:50:11.919;0,0;0,0;0;20,9;0;0;250,0
20:50:12.413;0,0;0,0;0;20,9;0;0;250,0
20:50:12.972;0,0;0,0;0;20,9;0;0;250,0
20:50:13.530;0,0;0,0;0;20,9;0;0;250,0
20:50:14.026;0,0;0,0;0;20,9;0;0;250,0
20:50:14.522;0,0;0,0;0;20,9;0;0;250,0
20:50:15.021;0,0;0,0;0;20,9;0;0;250,0
20:50:15.518;0,0;0,0;0;20,9;0;0;250,0
20:50:16.012;0,0;0,0;0;20,9;0;0;250,0
20:50:16.570;0,0;0,0;0;20,9;0;0;250,0
20:50:17.068;0,0;0,0;0;20,9;0;0;250,0
20:50:17.504;0,0;0,0;0;20,9;0;0;250,0
20:50:18.434;0,0;0,0;0;20,9;0;0;250,0
20:50:18.869;0,0;0,0;0;20,9;0;0;250,0
20:50:19.367;0,0;0,0;0;20,9;0;0;250,0
20:50:19.927;0,0;0,0;0;20,9;0;0;250,0
20:50:20.423;0,0;0,0;0;20,9;0;0;250,0
20:50:20.982;0,0;0,0;0;20,9;0;0;250,0
20:50:21.541;0,0;0,0;0;20,9;0;0;250,0
20:50:22.348;0,0;0,0;0;20,9;0;0;250,0
20:50:23.029;0,0;0,0;0;20,9;0;0;250,0
20:50:23.714;0,0;0,0;0;20,9;0;0;250,0
20:50:24.272;0,0;0,0;0;20,9;0;0;250,0
20:50:24.769;0,0;0,0;0;20,9;0;0;250,0
20:50:25.204;0,0;0,0;0;20,9;0;0;250,0
20:50:25.762;0,0;0,0;0;20,9;0;0;250,0
20:50:25.947;0,0;0,0;0;20,9;0;0;250,0
20:50:26.256;0,0;0,0;0;20,9;0;0;250,0
20:50:26.813;0,0;0,0;0;20,9;0;0;250,0
20:50:27.375;0,0;0,0;0;20,9;0;0;250,0
20:50:27.874;0,0;0,0;0;20,9;0;0;250,0
20:50:28.365;0,0;0,0;0;20,9;0;0;250,0
20:50:28.923;0,0;0,0;0;20,9;0;0;250,0
20:50:29.421;0,0;0,0;0;20,9;0;0;250,0
20:50:30.351;0,0;0,0;0;20,9;0;0;250,0
20:50:30.853;0,0;0,0;0;20,9;0;0;250,0
20:50:31.283;0,0;0,0;0;20,9;0;0;250,0
20:50:31.779;0,0;0,0;0;20,9;0;0;250,0
20:50:32.274;0,0;0,0;0;20,9;0;0;250,0
20:50:32.767;0,0;0,0;0;20,9;0;0;250,0
20:50:33.264;0,0;0,0;0;20,9;0;0;250,0
20:50:33.513;0,0;0,0;0;20,9;0;0;250,0
20:50:34.069;0,0;0,0;0;20,9;0;0;250,0
20:50:34.564;0,0;0,0;0;20,9;0;0;250,0
20:50:35.060;0,0;0,0;0;20,9;0;0;250,0
20:50:35.495;0,0;0,0;0;20,9;0;0;250,0
20:50:35.994;0,0;0,0;0;20,9;0;0;250,0
20:50:36.491;0,0;0,0;0;20,9;0;0;250,0
20:50:37.044;0,0;0,0;0;20,9;0;0;250,0
20:50:37.291;0,0;0,0;0;20,9;0;0;250,0
20:50:37.785;0,0;0,0;0;20,9;0;0;250,0
20:50:38.343;0,0;0,0;1;20,9;0;0;250,0
20:50:38.840;0,0;0,0;1;20,9;0;0;250,0
20:50:39.399;0,0;0,0;1;20,9;0;0;250,0
20:50:39.895;0,0;0,0;1;20,9;0;0;250,0
20:50:40.395;0,0;0,0;1;20,9;0;0;250,0
20:50:40.894;0,0;0,0;1;20,9;0;0;250,0
20:50:41.081;0,0;0,0;1;20,9;0;0;250,0
20:50:41.455;0,0;0,0;1;20,9;0;0;250,0
20:50:42.072;0,0;0,0;1;20,9;0;0;250,0
20:50:42.758;0,0;0,0;1;20,9;0;0;250,0
20:50:43.565;0,0;0,0;1;20,9;0;0;250,0
20:50:44.125;0,0;0,0;1;20,9;0;0;250,0
20:50:44.935;0,0;0,0;1;20,9;0;0;250,0
20:50:45.647;0,0;0,0;1;20,9;0;0;250,0
20:50:46.089;0,0;0,0;1;20,9;0;0;250,0
20:50:46.480;0,0;0,0;1;20,9;0;0;250,0
20:50:46.871;0,0;0,0;1;20,9;0;0;250,0
20:50:47.364;0,0;0,0;1;20,9;0;0;250,0
20:50:47.914;0,0;0,0;1;20,9;0;0;250,0
20:50:48.419;0,0;0,0;1;20,9;0;0;250,0
20:50:48.971;0,0;0,0;1;20,9;0;0;250,0
20:50:49.473;0,0;0,0;1;20,9;0;0;250,0
20:50:49.872;0,0;0,0;1;20,9;0;0;250,0
20:50:50.406;0,0;0,0;1;20,9;0;0;250,0
20:50:50.913;0,0;0,0;1;20,9;0;0;250,0
20:50:51.296;0,0;0,0;1;20,9;0;0;250,0
20:50:51.564;0,0;0,0;1;20,9;0;0;250,0
20:50:51.954;0,0;0,0;1;20,9;0;0;250,0
20:50:52.225;0,0;0,0;1;20,9;0;0;250,0
20:50:52.623;0,0;0,0;1;20,9;0;0;250,0
20:50:52.788;0,0;0,0;1;20,9;0;0;250,0
20:50:53.064;0,0;0,0;1;20,9;0;0;250,0
20:50:53.455;0,0;0,0;1;20,9;0;0;250,0
20:50:53.846;0,0;0,0;1;20,9;0;0;250,0
20:50:54.187;0,0;0,0;1;20,9;0;0;250,0
20:50:54.466;0,0;0,0;1;20,9;0;0;250,0
20:50:54.864;0,0;0,0;1;20,9;0;0;250,0
20:50:55.206;0,0;0,0;1;20,9;0;0;250,0
20:50:55.423;0,0;0,0;1;20,9;0;0;250,0
20:50:55.705;0,0;0,0;1;20,9;0;0;250,0
20:50:56.045;0,0;0,0;1;20,9;0;0;250,0
20:50:56.330;0,0;0,0;1;20,9;0;0;250,0
20:50:56.714;0,0;0,0;1;20,9;0;0;250,0
20:50:57.045;0,0;0,0;1;20,9;0;0;250,0
20:50:57.395;0,0;0,0;1;20,9;0;0;250,0
20:50:57.732;0,0;0,0;1;20,9;0;0;250,0
20:50:58.396;0,0;0,0;1;20,9;0;0;250,0
20:50:58.887;0,0;0,0;1;20,9;0;0;250,0
20:50:59.388;0,0;0,0;1;20,9;0;0;250,0
20:50:59.822;0,0;0,0;1;20,9;0;0;250,0
20:51:00.321;0,0;0,0;1;20,9;0;0;250,0
20:51:00.822;0,0;0,0;1;20,9;0;0;250,0
20:51:00.986;0,0;0,0;1;20,9;0;0;250,0
20:51:01.373;0,0;0,0;1;20,9;0;0;250,0
20:51:01.871;0,0;0,0;1;20,9;0;0;250,0
20:51:02.413;0,0;0,0;1;20,9;0;0;250,0
20:51:02.913;0,0;0,0;1;20,9;0;0;250,0
20:51:03.524;0,0;0,0;1;20,9;0;0;250,0
20:51:04.136;0,0;0,0;1;20,9;0;0;250,0
20:51:04.695;0,0;0,0;1;20,9;0;0;250,0
20:51:05.156;0,0;0,0;1;20,9;0;0;250,0
20:51:05.595;0,0;0,0;1;20,9;0;0;250,0
20:51:05.987;0,0;0,0;1;20,9;0;0;250,0
20:51:06.324;0,0;0,0;1;20,9;0;0;250,0
20:51:06.655;0,0;0,0;1;20,9;0;0;250,0
20:51:07.137;0,0;0,0;1;20,9;0;0;250,0
20:51:07.655;0,0;0,0;1;20,9;0;0;250,0
20:51:07.987;0,0;0,0;1;20,9;0;0;250,0
20:51:08.319;0,0;0,0;1;20,9;0;0;250,0
20:51:08.479;0,0;0,0;1;20,9;0;0;250,0
20:51:08.754;0,0;0,0;1;20,9;0;0;250,0
20:51:09.145;0,0;0,0;1;20,9;0;0;250,0
20:51:09.470;0,0;0,0;1;20,9;0;0;250,0
20:51:09.855;0,0;0,0;1;20,9;0;0;250,0
20:51:10.255;0,0;0,0;1;20,9;0;0;250,0
20:51:10.420;0,0;0,0;1;20,9;0;0;250,0
20:51:10.915;0,0;0,0;1;20,9;0;0;250,0
20:51:11.305;0,0;0,0;1;20,9;0;0;250,0
20:51:11.644;0,0;0,0;1;20,9;0;0;250,0
20:51:12.029;0,0;0,0;1;20,9;0;0;250,0
20:51:12.405;0,0;0,0;1;20,9;0;0;250,0
20:51:12.804;0,0;0,0;1;20,9;0;0;250,0
20:51:13.145;0,0;0,0;1;20,9;0;0;250,0
20:51:13.436;0,0;0,0;1;20,9;0;0;250,0
20:51:13.727;0,0;0,0;1;20,9;0;0;250,0
20:51:13.945;0,0;0,0;1;20,9;0;0;250,0
20:51:14.278;0,0;0,0;1;20,9;0;0;250,0
20:51:14.677;0,0;0,0;1;20,9;0;0;250,0
20:51:15.004;0,0;0,0;1;20,9;0;0;250,0
20:51:15.303;0,0;0,0;1;20,9;0;0;250,0
20:51:15.686;0,0;0,0;1;20,9;0;0;250,0
20:51:16.026;0,0;0,0;1;20,9;0;0;250,0
20:51:16.362;0,0;0,0;1;20,9;0;0;250,0
20:51:16.646;0,0;0,0;1;20,9;0;0;250,0
20:51:16.976;0,0;0,0;1;20,9;0;0;250,0
20:51:17.354;0,0;0,0;1;20,9;0;0;250,0
20:51:17.737;0,0;0,0;1;20,9;0;0;250,0
20:51:18.019;0,0;0,0;1;20,9;0;0;250,0
20:51:18.405;0,0;0,0;1;20,9;0;0;250,0
20:51:18.692;0,0;0,0;1;20,9;0;0;250,0
20:51:19.103;0,0;0,0;1;20,9;0;0;250,0
20:51:19.876;0,0;0,0;1;20,9;0;0;250,0
20:51:20.255;0,0;0,0;1;20,9;0;0;250,0
20:51:20.811;0,0;0,0;1;20,9;0;0;250,0
20:51:21.321;0,0;0,0;1;20,9;0;0;250,0
20:51:21.687;0,0;0,0;1;20,9;0;0;250,0
20:51:22.022;0,0;0,0;1;20,9;0;0;250,0
20:51:22.415;0,0;0,0;1;20,9;0;0;250,0
20:51:22.653;0,0;0,0;1;20,9;0;0;250,0
20:51:23.045;0,0;0,0;1;20,9;0;0;250,0
20:51:23.369;0,0;0,0;1;20,9;0;0;250,0
20:51:23.765;0,0;0,0;1;20,9;0;0;250,0
20:51:24.144;0,0;0,0;1;20,9;0;0;250,0
20:51:24.528;0,0;0,0;1;20,9;0;0;250,0
20:51:24.927;0,0;0,0;1;20,9;0;0;250,0
20:51:25.428;0,0;0,0;1;20,9;0;0;250,0
20:51:25.713;0,0;0,0;1;20,9;0;0;250,0
20:51:26.154;0,0;0,0;1;20,9;0;0;250,0
20:51:26.545;0,0;0,0;1;20,9;0;0;250,0
20:51:26.936;0,0;0,0;1;20,9;0;0;250,0
20:51:27.279;0,0;0,0;1;20,9;0;0;250,0
20:51:27.604;0,0;0,0;0;20,9;0;0;250,0
20:51:28.028;0,0;0,0;0;20,9;0;0;250,0
20:51:28.305;0,0;0,0;0;20,9;0;0;250,0
20:51:28.686;0,0;0,0;0;20,9;0;0;250,0
20:51:29.077;0,0;0,0;0;20,9;0;0;250,0
20:51:29.519;0,0;0,0;0;20,9;0;0;250,0
20:51:29.916;0,0;0,0;0;20,9;0;0;250,0
20:51:30.236;0,0;0,0;0;20,9;0;0;250,0
20:51:30.627;0,0;0,0;0;20,9;0;0;250,0
20:51:30.969;0,0;0,0;0;20,9;0;0;250,0
20:51:31.182;0,0;0,0;0;20,9;0;0;250,0
20:51:31.570;0,0;0,0;0;20,9;0;0;250,0
20:51:31.911;0,0;0,0;0;20,9;0;0;250,0
20:51:32.295;0,0;0,0;0;20,9;0;0;250,0
20:51:32.686;0,0;0,0;0;20,9;0;0;250,0
20:51:33.127;0,0;0,0;0;20,9;0;0;250,0
20:51:33.455;0,0;0,0;0;20,9;0;0;250,0
20:51:33.905;0,0;0,0;0;20,9;0;0;250,0
20:51:34.078;0,0;0,0;0;20,9;0;0;250,0
20:51:34.397;0,0;0,0;0;20,9;0;0;250,0
20:51:34.837;0,0;0,0;0;20,9;0;0;250,0
20:51:35.169;0,0;0,0;0;20,9;0;0;250,0
20:51:35.577;0,0;0,0;0;20,9;0;0;250,0
20:51:35.911;0,0;0,0;0;20,9;0;0;250,0
20:51:36.303;0,0;0,0;0;20,9;0;0;250,0
20:51:36.736;0,0;0,0;0;20,9;0;0;250,0
20:51:36.906;0,0;0,0;0;20,9;0;0;250,0
20:51:37.477;0,0;0,0;0;20,9;0;0;250,0
20:51:37.979;0,0;0,0;0;20,9;0;0;250,0
20:51:38.436;0,0;0,0;0;20,9;0;0;250,0
20:51:38.945;0,0;0,0;0;20,9;0;0;250,0
20:51:39.405;0,0;0,0;0;20,9;0;0;250,0
20:51:39.955;0,0;0,0;0;20,9;0;0;250,0
20:51:40.403;0,0;0,0;0;20,9;0;0;250,0
20:51:40.628;0,0;0,0;0;20,9;0;0;250,0
20:51:41.028;0,0;0,0;0;20,9;0;0;250,0
20:51:41.480;0,0;0,0;0;20,9;0;0;250,0
20:51:41.878;0,0;0,0;0;20,9;0;0;250,0
20:51:42.286;0,0;0,0;0;20,9;0;0;250,0
20:51:42.677;0,0;0,0;0;20,9;0;0;250,0
20:51:43.087;0,0;0,0;0;20,9;0;0;250,0
20:51:43.477;0,0;0,0;0;20,9;0;0;250,0
20:51:43.711;0,0;0,0;0;20,9;0;0;250,0
20:51:43.994;0,0;0,0;0;20,9;0;0;250,0
20:51:44.428;0,0;0,0;0;20,9;0;0;250,0
20:51:44.819;0,0;0,0;0;20,9;0;0;250,0
20:51:45.205;0,0;0,0;0;20,9;0;0;250,0
20:51:45.602;0,0;0,0;0;20,9;0;0;250,0
20:51:45.993;0,0;0,0;0;20,9;0;0;250,0
20:51:46.394;0,0;0,0;0;20,9;0;0;250,0
20:51:46.562;0,0;0,0;0;20,9;0;0;250,0
20:51:46.955;0,0;0,0;0;20,9;0;0;250,0
20:51:47.344;0,0;0,0;0;20,9;0;0;250,0
20:51:47.744;0,0;0,0;0;20,9;0;0;250,0
20:51:48.136;0,0;0,0;0;20,9;0;0;250,0
20:51:48.556;0,0;0,0;0;20,9;0;0;250,0
20:51:48.945;0,0;0,0;0;20,9;0;0;250,0
20:51:49.353;0,0;0,0;0;20,9;0;0;250,0
20:51:49.513;0,0;0,0;0;20,9;0;0;250,0
20:51:49.811;0,0;0,0;0;20,9;0;0;250,0
20:51:50.266;0,0;0,0;0;20,9;0;0;250,0
20:51:50.719;0,0;0,0;0;20,9;0;0;250,0
20:51:51.069;0,0;0,0;0;20,9;0;0;250,0
20:51:51.461;0,0;0,0;0;20,9;0;0;250,0
20:51:51.861;0,0;0,0;0;20,9;0;0;250,0
20:51:52.194;0,0;0,0;0;20,9;0;0;250,0
20:51:52.977;0,0;0,0;0;20,9;0;0;250,0
20:51:53.387;0,0;0,0;0;20,9;0;0;250,0
20:51:53.778;0,0;0,0;0;20,9;0;0;250,0
20:51:54.169;0,0;0,0;0;20,9;0;0;250,0
20:51:54.565;0,0;0,0;0;20,9;0;0;250,0
20:51:55.004;0,0;0,0;0;20,9;0;0;250,0
20:51:55.511;0,0;0,0;0;20,9;0;0;250,0
20:51:56.086;0,0;0,0;0;20,9;0;0;250,0
20:51:56.637;0,0;0,0;0;20,9;0;0;250,0
20:51:57.255;0,0;0,0;1;20,9;0;0;250,0
20:51:57.777;0,0;0,0;1;20,9;0;0;250,0
20:51:58.227;0,0;0,0;1;20,9;0;0;250,0
20:51:58.627;0,0;0,0;1;20,9;0;0;250,0
20:51:59.042;0,0;0,0;1;20,9;0;0;250,0
20:51:59.386;0,0;0,0;1;20,9;0;0;250,0
20:51:59.554;0,0;0,0;1;20,9;0;0;250,0
20:51:59.885;0,0;0,0;1;20,9;0;0;250,0
20:52:00.336;0,0;0,0;1;20,9;0;0;250,0
20:52:00.677;0,0;0,0;1;20,9;0;0;250,0
20:52:01.127;0,0;0,0;1;20,9;0;0;250,0
20:52:01.514;0,0;0,0;1;20,9;0;0;250,0
20:52:01.927;0,0;0,0;1;20,9;0;0;250,0
20:52:02.269;0,0;0,0;1;20,9;0;0;250,0
20:52:03.004;0,0;0,0;1;20,9;0;0;250,0
20:52:03.405;0,0;0,0;1;20,9;0;0;250,0
20:52:03.744;0,0;0,0;1;20,9;0;0;250,0
20:52:04.186;0,0;0,0;1;20,9;0;0;250,0
20:52:04.569;0,0;0,0;1;20,9;0;0;250,0
20:52:04.954;0,0;0,0;1;20,9;0;0;250,0
20:52:05.127;0,0;0,0;1;20,9;0;0;250,0
20:52:05.520;0,0;0,0;1;20,9;0;0;250,0
20:52:05.927;0,0;0,0;1;20,9;0;0;250,0
20:52:06.324;0,0;0,0;1;20,9;0;0;250,0
20:52:06.669;0,0;0,0;1;20,9;0;0;250,0
20:52:07.055;0,0;0,0;1;20,9;0;0;250,0
20:52:07.443;0,0;0,0;1;20,9;0;0;250,0
20:52:07.845;0,0;0,0;1;20,9;0;0;250,0
20:52:08.069;0,0;0,0;1;20,9;0;0;250,0
20:52:08.526;0,0;0,0;1;20,9;0;0;250,0
20:52:08.910;0,0;0,0;1;20,9;0;0;250,0
20:52:09.255;0,0;0,0;1;20,9;0;0;250,0
20:52:09.660;0,0;0,0;1;20,9;0;0;250,0
20:52:10.002;0,0;0,0;1;20,9;0;0;250,0
20:52:10.416;0,0;0,0;1;20,9;0;0;250,0
20:52:10.803;0,0;0,0;1;20,9;0;0;250,0
20:52:10.978;0,0;0,0;0;20,9;0;0;250,0
20:52:11.305;0,0;0,0;0;20,9;0;0;250,0
20:52:11.636;0,0;0,0;0;20,9;0;0;250,0
20:52:12.026;0,0;0,0;0;20,9;0;0;250,0
20:52:12.434;0,0;0,0;0;20,9;0;0;250,0
20:52:12.811;0,0;0,0;0;20,9;0;0;250,0
20:52:13.269;0,0;0,0;0;20,9;0;0;250,0
20:52:13.767;0,0;0,0;0;20,9;0;0;250,0
20:52:14.102;0,0;0,0;0;20,9;0;0;250,0
20:52:14.493;0,0;0,0;1;20,9;0;0;250,0
20:52:14.886;0,0;0,0;1;20,9;0;0;250,0
20:52:15.280;0,0;0,0;1;20,9;0;0;250,0
20:52:15.619;0,0;0,0;1;20,9;0;0;250,0
20:52:16.011;0,0;0,0;1;20,9;0;0;250,0
20:52:16.410;0,0;0,0;1;20,9;0;0;250,0
20:52:16.745;0,0;0,0;1;20,9;0;0;250,0
20:52:16.963;0,0;0,0;1;20,9;0;0;250,0
20:52:17.365;0,0;0,0;1;20,9;0;0;250,0
20:52:17.769;0,0;0,0;1;20,9;0;0;250,0
20:52:18.101;0,0;0,0;1;20,9;0;0;250,0
20:52:18.494;0,0;0,0;1;20,9;0;0;250,0
20:52:18.936;0,0;0,0;1;20,9;0;0;250,0
20:52:19.321;0,0;0,0;1;20,9;0;0;250,0
20:52:19.703;0,0;0,0;1;20,9;0;0;250,0
20:52:20.436;0,0;0,0;1;20,9;0;0;250,0
20:52:20.817;0,0;0,0;1;20,9;0;0;250,0
20:52:21.153;0,0;0,0;1;20,9;0;0;250,0
20:52:21.553;0,0;0,0;1;20,9;0;0;250,0
20:52:21.903;0,0;0,0;1;20,9;0;0;250,0
20:52:22.355;0,0;0,0;1;20,9;0;0;250,0
20:52:22.744;0,0;0,0;1;20,9;0;0;250,0
20:52:22.976;0,0;0,0;1;20,9;0;0;250,0
20:52:23.261;0,0;0,0;1;20,9;0;0;250,0
20:52:23.602;0,0;0,0;1;20,9;0;0;250,0
20:52:23.994;0,0;0,0;1;20,9;0;0;250,0
20:52:24.394;0,0;0,0;1;20,9;0;0;250,0
20:52:24.786;0,0;0,0;1;20,9;0;0;250,0
20:52:25.013;0,0;0,0;1;20,9;0;0;250,0
20:52:25.394;0,0;0,0;1;20,9;0;0;250,0
20:52:25.556;0,0;0,0;1;20,9;0;0;250,0
20:52:25.845;0,0;0,0;1;20,9;0;0;250,0
20:52:26.285;0,0;0,0;1;20,9;0;0;250,0
20:52:26.677;0,0;0,0;1;20,9;0;0;250,0
20:52:27.004;0,0;0,0;1;20,9;0;0;250,0
20:52:27.443;0,0;0,0;1;20,9;0;0;250,0
20:52:27.803;0,0;0,0;1;20,9;0;0;250,0
20:52:28.186;0,0;0,0;0;20,9;0;0;250,0
20:52:28.961;0,0;0,0;0;20,9;0;0;250,0
20:52:29.243;0,0;0,0;0;20,9;0;0;250,0
20:52:29.685;0,0;0,0;0;20,9;0;0;250,0
20:52:30.243;0,0;0,0;0;20,9;0;0;250,0
20:52:30.694;0,0;0,0;0;20,9;0;0;250,0
20:52:31.205;0,0;0,0;0;20,9;0;0;250,0
20:52:31.602;0,0;0,0;0;20,9;0;0;250,0
20:52:31.986;0,0;0,0;0;20,9;0;0;250,0
20:52:32.386;0,0;0,0;0;20,9;0;0;250,0
20:52:32.778;0,0;0,0;0;20,9;0;0;250,0
20:52:33.176;0,0;0,0;0;20,9;0;0;250,0
20:52:33.601;0,0;0,0;0;20,9;0;0;250,0
20:52:33.977;0,0;0,0;0;20,9;0;0;250,0
20:52:34.435;0,0;0,0;0;20,9;0;0;250,0
20:52:34.877;0,0;0,0;0;20,9;0;0;250,0
20:52:35.194;0,0;0,0;0;20,9;0;0;250,0
20:52:35.643;0,0;0,0;0;20,9;0;0;250,0
20:52:36.027;0,0;0,0;0;20,9;0;0;250,0
20:52:36.366;0,0;0,0;0;20,9;0;0;250,0
20:52:36.764;0,0;0,0;0;20,9;0;0;250,0
20:52:37.386;0,0;0,0;0;20,9;0;0;250,0
20:52:37.727;0,0;0,0;0;20,9;0;0;250,0
20:52:38.134;0,0;0,0;0;20,9;0;0;250,0
20:52:38.517;0,0;0,0;0;20,9;0;0;250,0
20:52:38.927;0,0;0,0;0;20,9;0;0;250,0
20:52:39.276;0,0;0,0;0;20,9;0;0;250,0
20:52:39.618;0,0;0,0;0;20,9;0;0;250,0
20:52:40.283;0,0;0,0;0;20,9;0;0;250,0
20:52:40.560;0,0;0,0;0;20,9;0;0;250,0
20:52:40.951;0,0;0,0;0;20,9;0;0;250,0
20:52:41.276;0,0;0,0;0;20,9;0;0;250,0
20:52:41.660;0,0;0,0;0;20,9;0;0;250,0
20:52:42.001;0,0;0,0;0;20,9;0;0;250,0
20:52:42.326;0,0;0,0;0;20,9;0;0;250,0
20:52:42.552;0,0;0,0;0;20,9;0;0;250,0
20:52:42.827;0,0;0,0;0;20,9;0;0;250,0
20:52:43.218;0,0;0,0;0;20,9;0;0;250,0
20:52:43.444;0,0;0,0;0;20,9;0;0;250,0
20:52:43.727;0,0;0,0;0;20,9;0;0;250,0
20:52:44.109;0,0;0,0;0;20,9;0;0;250,0
20:52:44.385;0,0;0,0;0;20,9;0;0;250,0
20:52:44.768;0,0;0,0;0;20,9;0;0;250,0
20:52:44.927;0,0;0,0;0;20,9;0;0;250,0
20:52:45.310;0,0;0,0;0;20,9;0;0;250,0
20:52:45.706;0,0;0,0;0;20,9;0;0;250,0
20:52:46.210;0,0;0,0;0;20,9;0;0;250,0
20:52:46.652;0,0;0,0;0;20,9;0;0;250,0
20:52:47.235;0,0;0,0;0;20,9;0;0;250,0
20:52:47.576;0,0;0,0;0;20,9;0;0;250,0
20:52:47.952;0,0;0,0;0;20,9;0;0;250,0
20:52:48.185;0,0;0,0;0;20,9;0;0;250,0
20:52:48.476;0,0;0,0;0;20,9;0;0;250,0
20:52:48.877;0,0;0,0;0;20,9;0;0;250,0
20:52:49.234;0,0;0,0;0;20,9;0;0;250,0
20:52:49.615;0,0;0,0;0;20,9;0;0;250,0
20:52:50.002;0,0;0,0;0;20,9;0;0;250,0
20:52:50.336;0,0;0,0;0;20,9;0;0;250,0
20:52:50.684;0,0;0,0;0;20,9;0;0;250,0
20:52:51.377;0,0;0,0;0;20,9;0;0;250,0
20:52:51.765;0,0;0,0;1;20,9;0;0;250,0
20:52:52.102;0,0;0,0;1;20,9;0;0;250,0
20:52:52.485;0,0;0,0;1;20,9;0;0;250,0
20:52:52.936;0,0;0,0;1;20,9;0;0;250,0
20:52:53.402;0,0;0,0;1;20,9;0;0;250,0
20:52:53.735;0,0;0,0;1;20,9;0;0;250,0
20:52:54.477;0,0;0,0;1;20,9;0;0;250,0
20:52:54.821;0,0;0,0;1;20,9;0;0;250,0
20:52:55.167;0,0;0,0;1;20,9;0;0;250,0
20:52:55.573;0,0;0,0;1;20,9;0;0;250,0
20:52:55.956;0,0;0,0;1;20,9;0;0;250,0
20:52:56.332;0,0;0,0;1;20,9;0;0;250,0
20:52:56.552;0,0;0,0;1;20,9;0;0;250,0
20:52:56.936;0,0;0,0;1;20,9;0;0;250,0
20:52:57.335;0,0;0,0;1;20,9;0;0;250,0
20:52:57.801;0,0;0,0;1;20,9;0;0;250,0
20:52:58.115;0,0;0,0;1;20,9;0;0;250,0
20:52:58.455;0,0;0,0;1;20,9;0;0;250,0
20:52:58.794;0,0;0,0;1;20,9;0;0;250,0
20:52:59.136;0,0;0,0;1;20,9;0;0;250,0
20:52:59.352;0,0;0,0;1;20,9;0;0;250,0
20:52:59.634;0,0;0,0;1;20,9;0;0;250,0
20:53:00.026;0,0;0,0;1;20,9;0;0;250,0
20:53:00.351;0,0;0,0;1;20,9;0;0;250,0
20:53:00.766;0,0;0,0;1;20,9;0;0;250,0
20:53:01.102;0,0;0,0;1;20,9;0;0;250,0
20:53:01.384;0,0;0,0;1;20,9;0;0;250,0
20:53:01.834;0,0;0,0;1;20,9;0;0;250,0
20:53:02.112;0,0;0,0;1;20,9;0;0;250,0
20:53:02.618;0,0;0,0;1;20,9;0;0;250,0
20:53:03.059;0,0;0,0;1;20,9;0;0;250,0
20:53:03.502;0,0;0,0;1;20,9;0;0;250,0
20:53:03.839;0,0;0,0;1;20,9;0;0;250,0
20:53:04.236;0,0;0,0;1;20,9;0;0;250,0
20:53:04.633;0,0;0,0;1;20,9;0;0;250,0
20:53:05.010;0,0;0,0;1;20,9;0;0;250,0
20:53:05.686;0,0;0,0;1;20,9;0;0;250,0
20:53:05.975;0,0;0,0;1;20,9;0;0;250,0
20:53:06.368;0,0;0,0;1;20,9;0;0;250,0
20:53:06.810;0,0;0,0;1;20,9;0;0;250,0
20:53:07.145;0,0;0,0;1;20,9;0;0;250,0
20:53:07.536;0,0;0,0;1;20,9;0;0;250,0
20:53:07.976;0,0;0,0;1;20,9;0;0;250,0
20:53:08.151;0,0;0,0;1;20,9;0;0;250,0
20:53:08.492;0,0;0,0;1;20,9;0;0;250,0
20:53:08.902;0,0;0,0;1;20,9;0;0;250,0
20:53:09.292;0,0;0,0;1;20,9;0;0;250,0
20:53:09.686;0,0;0,0;1;20,9;0;0;250,0
20:53:10.076;0,0;0,0;1;20,9;0;0;250,0
20:53:10.459;0,0;0,0;1;20,9;0;0;250,0
20:53:10.835;0,0;0,0;1;20,9;0;0;250,0
20:53:10.995;0,0;0,0;1;20,9;0;0;250,0
20:53:11.334;0,0;0,0;1;20,9;0;0;250,0
20:53:11.727;0,0;0,0;1;20,9;0;0;250,0
20:53:12.104;0,0;0,0;1;20,9;0;0;250,0
20:53:12.477;0,0;0,0;1;20,9;0;0;250,0
20:53:12.824;0,0;0,0;1;20,9;0;0;250,0
20:53:13.268;0,0;0,0;1;20,9;0;0;250,0
20:53:13.710;0,0;0,0;1;20,9;0;0;250,0
20:53:14.105;0,0;0,0;1;20,9;0;0;250,0
20:53:14.167;0,0;0,0;1;20,9;0;0;250,0
20:53:14.276;0,0;0,0;1;20,9;0;0;250,0
20:53:14.719;0,0;0,0;1;20,9;0;0;250,0
20:53:15.114;0,0;0,0;1;20,9;0;0;250,0
20:53:15.505;0,0;0,0;1;20,9;0;0;250,0
20:53:15.886;0,0;0,0;1;20,9;0;0;250,0
20:53:16.343;0,0;0,0;1;20,9;0;0;250,0
20:53:16.685;0,0;0,0;1;20,9;0;0;250,0
20:53:17.069;0,0;0,0;1;20,9;0;0;250,0
20:53:17.466;0,0;0,0;1;20,9;0;0;250,0
20:53:17.976;0,0;0,0;1;20,9;0;0;250,0
20:53:18.485;0,0;0,0;1;20,9;0;0;250,0
20:53:19.102;0,0;0,0;1;20,9;0;0;250,0
20:53:19.677;0,0;0,0;1;20,9;0;0;250,0
20:53:20.287;0,0;0,0;1;20,9;0;0;250,0
20:53:20.919;0,0;0,0;1;20,9;0;0;250,0
20:53:21.305;0,0;0,0;1;20,9;0;0;250,0
20:53:21.745;0,0;0,0;1;20,9;0;0;250,0
20:53:22.126;0,0;0,0;1;20,9;0;0;250,0
20:53:22.560;0,0;0,0;1;20,9;0;0;250,0
20:53:22.843;0,0;0,0;1;20,9;0;0;250,0
20:53:23.242;0,0;0,0;1;20,9;0;0;250,0
20:53:23.901;0,0;0,0;1;20,9;0;0;250,0
20:53:24.327;0,0;0,0;1;20,9;0;0;250,0
20:53:24.777;0,0;0,0;1;20,9;0;0;250,0
20:53:25.177;0,0;0,0;1;20,9;0;0;250,0
20:53:25.519;0,0;0,0;1;20,9;0;0;250,0
20:53:25.986;0,0;0,0;1;20,9;0;0;250,0
20:53:26.419;0,0;0,0;1;20,9;0;0;250,0
20:53:26.585;0,0;0,0;1;20,9;0;0;250,0
20:53:26.977;0,0;0,0;1;20,9;0;0;250,0
20:53:27.366;0,0;0,0;1;20,9;0;0;250,0
20:53:27.801;0,0;0,0;1;20,9;0;0;250,0
20:53:28.183;0,0;0,0;1;20,9;0;0;250,0
20:53:28.575;0,0;0,0;1;20,9;0;0;250,0
20:53:28.967;0,0;0,0;1;20,9;0;0;250,0
20:53:29.366;0,0;0,0;1;20,9;0;0;250,0
20:53:29.525;0,0;0,0;1;20,9;0;0;250,0
20:53:29.859;0,0;0,0;1;20,9;0;0;250,0
20:53:30.251;0,0;0,0;1;20,9;0;0;250,0
20:53:30.592;0,0;0,0;1;20,9;0;0;250,0
20:53:31.041;0,0;0,0;1;20,9;0;0;250,0
20:53:31.434;0,0;0,0;1;20,9;0;0;250,0
20:53:31.824;0,0;0,0;1;20,9;0;0;250,0
20:53:32.225;0,0;0,0;1;20,9;0;0;250,0
20:53:32.395;0,0;0,0;1;20,9;0;0;250,0
20:53:32.736;0,0;0,0;1;20,9;0;0;250,0
20:53:33.250;0,0;0,0;1;20,9;0;0;250,0
20:53:33.651;0,0;0,0;1;20,9;0;0;250,0
20:53:33.984;0,0;0,0;1;20,9;0;0;250,0
20:53:34.386;0,0;0,0;1;20,9;0;0;250,0
20:53:34.733;0,0;0,0;1;20,9;0;0;250,0
20:53:35.169;0,0;0,0;1;20,9;0;0;250,0
20:53:35.377;0,0;0,0;1;20,9;0;0;250,0
20:53:35.658;0,0;0,0;1;20,9;0;0;250,0
20:53:36.059;0,0;0,0;1;20,9;0;0;250,0
20:53:36.435;0,0;0,0;1;20,9;0;0;250,0
20:53:36.833;0,0;0,0;1;20,9;0;0;250,0
20:53:37.217;0,0;0,0;1;20,9;0;0;250,0
20:53:37.716;0,0;0,0;1;20,9;0;0;250,0
20:53:38.301;0,0;0,0;1;20,9;0;0;250,0
20:53:38.534;0,0;0,0;1;20,9;0;0;250,0
20:53:39.052;0,0;0,0;1;20,9;0;0;250,0
20:53:39.608;0,0;0,0;1;20,9;0;0;250,0
20:53:40.006;0,0;0,0;1;20,9;0;0;250,0
20:53:40.458;0,0;0,0;1;20,9;0;0;250,0
20:53:40.925;0,0;0,0;1;20,9;0;0;250,0
20:53:41.333;0,0;0,0;1;20,9;0;0;250,0
20:53:41.716;0,0;0,0;1;20,9;0;0;250,0
20:53:42.057;0,0;0,0;1;20,9;0;0;250,0
20:53:42.435;0,0;0,0;1;20,9;0;0;250,0
20:53:42.835;0,0;0,0;1;20,9;0;0;250,0
20:53:43.233;0,0;0,0;1;20,9;0;0;250,0
20:53:43.569;0,0;0,0;1;20,9;0;0;250,0
20:53:43.966;0,0;0,0;1;20,9;0;0;250,0
20:53:44.366;0,0;0,0;1;20,9;0;0;250,0
20:53:44.751;0,0;0,0;1;20,9;0;0;250,0
20:53:45.476;0,0;0,0;1;20,9;0;0;250,0
20:53:45.884;0,0;0,0;1;20,9;0;0;250,0
20:53:46.316;0,0;0,0;1;20,9;0;0;250,0
20:53:46.725;0,0;0,0;1;20,9;0;0;250,0
20:53:47.131;0,0;0,0;1;20,9;0;0;250,0
20:53:47.508;0,0;0,0;1;20,9;0;0;250,0
20:53:47.958;0,0;0,0;1;20,9;0;0;250,0
20:53:48.369;0,0;0,0;1;20,9;0;0;250,0
20:53:48.591;0,0;0,0;1;20,9;0;0;250,0
20:53:48.984;0,0;0,0;1;20,9;0;0;250,0
20:53:49.375;0,0;0,0;1;20,9;0;0;250,0
20:53:49.750;0,0;0,0;1;20,9;0;0;250,0
20:53:50.149;0,0;0,0;1;20,9;0;0;250,0
20:53:50.600;0,0;0,0;1;20,9;0;0;250,0
20:53:50.839;0,0;0,0;1;20,9;0;0;250,0
20:53:51.183;0,0;0,0;1;20,9;0;0;250,0
20:53:51.634;0,0;0,0;1;20,9;0;0;250,0
20:53:51.958;0,0;0,0;1;20,9;0;0;250,0
20:53:52.425;0,0;0,0;1;20,9;0;0;250,0
20:53:52.823;0,0;0,0;1;20,9;0;0;250,0
20:53:53.217;0,0;0,0;1;20,9;0;0;250,0
20:53:53.609;0,0;0,0;1;20,9;0;0;250,0
20:53:54.409;0,0;0,0;1;20,9;0;0;250,0
20:53:54.692;0,0;0,0;1;20,9;0;0;250,0
20:53:55.205;0,0;0,0;1;20,9;0;0;250,0
20:53:55.775;0,0;0,0;1;20,9;0;0;250,0
20:53:56.308;0,0;0,0;1;20,9;0;0;250,0
20:53:56.822;0,0;0,0;1;20,9;0;0;250,0
20:53:57.095;0,0;0,0;1;20,9;0;0;250,0
20:53:57.508;0,0;0,0;1;20,9;0;0;250,0
20:53:57.894;0,0;0,0;1;20,9;0;0;250,0
20:53:58.291;0,0;0,0;1;20,9;0;0;250,0
20:53:58.618;0,0;0,0;1;20,9;0;0;250,0
20:53:59.084;0,0;0,0;1;20,9;0;0;250,0
20:53:59.531;0,0;0,0;1;20,9;0;0;250,0
20:53:59.794;0,0;0,0;1;20,9;0;0;250,0
20:54:00.133;0,0;0,0;1;20,9;0;0;250,0
20:54:00.525;0,0;0,0;1;20,9;0;0;250,0
20:54:00.907;0,0;0,0;1;20,9;0;0;250,0
20:54:01.292;0,0;0,0;1;20,9;0;0;250,0
20:54:01.725;0,0;0,0;1;20,9;0;0;250,0
20:54:02.131;0,0;0,0;1;20,9;0;0;250,0
20:54:02.474;0,0;0,0;1;20,9;0;0;250,0
20:54:02.659;0,0;0,0;1;20,9;0;0;250,0
20:54:03.064;0,0;0,0;1;20,9;0;0;250,0
20:54:03.449;0,0;0,0;1;20,9;0;0;250,0
20:54:03.839;0,0;0,0;1;20,9;0;0;250,0
20:54:04.249;0,0;0,0;1;20,9;0;0;250,0
20:54:04.584;0,0;0,0;1;20,9;0;0;250,0
20:54:04.917;0,0;0,0;1;20,9;0;0;250,0
20:54:05.258;0,0;0,0;1;20,9;0;0;250,0
20:54:06.034;0,0;0,0;1;20,9;0;0;250,0
20:54:06.366;0,0;0,0;1;20,9;0;0;250,0
20:54:06.693;0,0;0,0;1;20,9;0;0;250,0
20:54:06.974;0,0;0,0;1;20,9;0;0;250,0
20:54:07.323;0,0;0,0;1;20,9;0;0;250,0
20:54:07.592;0,0;0,0;1;20,9;0;0;250,0
20:54:07.875;0,0;0,0;1;20,9;0;0;250,0
20:54:08.216;0,0;0,0;1;20,9;0;0;250,0
20:54:08.558;0,0;0,0;1;20,9;0;0;250,0
20:54:09.066;0,0;0,0;1;20,9;0;0;250,0
20:54:09.566;0,0;0,0;1;20,9;0;0;250,0
20:54:10.071;0,0;0,0;1;20,9;0;0;250,0
20:54:10.572;0,0;0,0;1;20,9;0;0;250,0
20:54:10.858;0,0;0,0;1;20,9;0;0;250,0
20:54:11.384;0,0;0,0;1;20,9;0;0;250,0
20:54:11.850;0,0;0,0;1;20,9;0;0;250,0
20:54:12.425;0,0;0,0;1;20,9;0;0;250,0
20:54:12.874;0,0;0,0;1;20,9;0;0;250,0
20:54:13.425;0,0;0,0;1;20,9;0;0;250,0
20:54:13.933;0,0;0,0;1;20,9;0;0;250,0
20:54:14.334;0,0;0,0;1;20,9;0;0;250,0
20:54:14.566;0,01;0,0;1;20,9;0;0;250,0
20:54:15.017;0,01;0,0;1;20,9;0;0;250,0
20:54:15.516;0,01;0,0;1;20,9;0;0;250,0
20:54:16.075;0,01;0,0;1;20,9;0;0;250,0
20:54:16.525;0,01;0,0;1;20,9;0;0;250,0
20:54:17.026;0,01;0,0;1;20,9;0;0;250,0
20:54:17.534;0,01;0,0;1;20,9;0;0;250,0
20:54:17.925;0,01;0,0;1;20,9;0;0;250,0
20:54:18.469;0,01;0,0;1;20,9;0;0;250,0
20:54:18.966;0,01;0,0;1;20,9;0;0;250,0
20:54:19.466;0,01;0,0;1;20,9;0;0;250,0
20:54:20.016;0,01;0,0;1;20,9;0;0;250,0
20:54:20.584;0,01;0,0;1;20,9;0;0;250,0
20:54:21.100;0,01;0,0;1;20,9;0;0;250,0
20:54:21.608;0,01;0,0;1;20,9;0;0;250,0
20:54:22.066;0,01;0,0;1;20,9;0;0;250,0
20:54:22.626;0,01;0,0;1;20,9;0;0;250,0
20:54:23.133;0,01;0,0;1;20,9;0;0;250,0
20:54:23.633;0,01;0,0;1;20,9;0;0;250,0
20:54:23.966;0,01;0,0;1;20,9;0;0;250,0
20:54:24.466;0,01;0,0;1;20,9;0;0;250,0
20:54:24.989;0,01;0,0;1;20,9;0;0;250,0
20:54:25.433;0,01;0,0;1;20,9;0;0;250,0
20:54:26.266;0,01;0,0;1;20,9;0;0;250,0
20:54:26.767;0,01;0,0;1;20,9;0;0;250,0
20:54:27.275;0,01;0,0;1;20,9;0;0;250,0
20:54:27.775;0,01;0,0;1;20,9;0;0;250,0
20:54:28.267;0,01;0,0;1;20,9;0;0;250,0
20:54:28.767;0,01;0,0;1;20,9;0;0;250,0
20:54:29.275;0,01;0,0;1;20,9;0;0;250,0
20:54:29.717;0,01;0,0;1;20,9;0;0;250,0
20:54:30.233;0,01;0,0;1;20,9;0;0;250,0
20:54:30.683;0,01;0,0;1;20,9;0;0;250,0
20:54:31.208;0,01;0,0;1;20,9;0;0;250,0
20:54:31.684;0,01;0,0;1;20,9;0;0;250,0
20:54:32.217;0,01;0,0;1;20,9;0;0;250,0
20:54:32.716;0,01;0,0;1;20,9;0;0;250,0
20:54:33.294;0,01;0,0;1;20,9;0;0;250,0
20:54:33.808;0,01;0,0;1;20,9;0;0;250,0
20:54:34.307;0,01;0,0;1;20,9;0;0;250,0
20:54:34.866;0,01;0,0;1;20,9;0;0;250,0
20:54:35.416;0,01;0,0;1;20,9;0;0;250,0
20:54:35.916;0,01;0,0;1;20,9;0;0;250,0
20:54:36.425;0,01;0,0;1;20,9;0;0;250,0
20:54:36.916;0,01;0,0;1;20,9;0;0;250,0
20:54:37.458;0,01;0,0;1;20,9;0;0;250,0
20:54:38.131;0,01;0,0;1;20,9;0;0;250,0
20:54:38.516;0,01;0,0;1;20,9;0;0;250,0
20:54:39.025;0,01;0,0;1;20,9;0;0;250,0
20:54:39.376;0,01;0,0;1;20,9;0;0;250,0
20:54:39.826;0,01;0,0;1;20,9;0;0;250,0
20:54:40.333;0,01;0,0;1;20,9;0;0;250,0
20:54:40.839;0,01;0,0;1;20,9;0;0;250,0
20:54:41.615;0,01;0,0;1;20,9;0;0;250,0
20:54:42.109;0,01;0,0;1;20,9;0;0;250,0
20:54:42.674;0,01;0,0;1;20,9;0;0;250,0
20:54:43.116;0,01;0,0;1;20,9;0;0;250,0
20:54:43.507;0,01;0,0;1;20,9;0;0;250,0
20:54:43.974;0,01;0,0;1;20,9;0;0;250,0
20:54:44.448;0,01;0,0;0;20,9;0;0;250,0
20:54:44.941;0,01;0,0;0;20,9;0;0;250,0
20:54:45.457;0,01;0,0;0;20,9;0;0;250,0
20:54:45.907;0,01;0,0;0;20,9;0;0;250,0
20:54:46.417;0,01;0,0;0;20,9;0;0;250,0
20:54:46.883;0,01;0,0;0;20,9;0;0;250,0
20:54:47.324;0,01;0,0;0;20,9;0;0;250,0
20:54:47.876;0,01;0,0;0;20,9;0;0;250,0
20:54:48.376;0,01;0,0;0;20,9;0;0;250,0
20:54:48.884;0,01;0,0;0;20,9;0;0;250,0
20:54:49.391;0,01;0,0;0;20,9;0;0;250,0
20:54:49.906;0,01;0,0;0;20,9;0;0;250,0
20:54:50.391;0,01;0,0;0;20,9;0;0;250,0
20:54:50.783;0,01;0,0;0;20,9;0;0;250,0
20:54:51.121;0,01;0,0;0;20,9;0;0;250,0
20:54:51.524;0,01;0,0;0;20,9;0;0;250,0
20:54:51.857;0,01;0,0;0;20,9;0;0;250,0
20:54:52.024;0,01;0,0;0;20,9;0;0;250,0
20:54:52.365;0,01;0,0;0;20,9;0;0;250,0
20:54:52.807;0,01;0,0;0;20,9;0;0;250,0
20:54:53.266;0,01;0,0;0;20,9;0;0;250,0
20:54:53.717;0,01;0,0;0;20,9;0;0;250,0
20:54:54.291;0,01;0,0;0;20,9;0;0;250,0
20:54:54.799;0,01;0,0;0;20,9;0;0;250,0
20:54:55.315;0,01;0,0;0;20,9;0;0;250,0
20:54:55.540;0,01;0,0;0;20,9;0;0;250,0
20:54:56.049;0,01;0,0;0;20,9;0;0;250,0
20:54:56.507;0,01;0,0;0;20,9;0;0;250,0
20:54:56.974;0,01;0,0;0;20,9;0;0;250,0
20:54:57.541;0,01;0,0;0;20,9;0;0;250,0
20:54:58.124;0,01;0,0;0;20,9;0;0;250,0
20:54:58.626;0,01;0,0;0;20,9;0;0;250,0
20:54:59.083;0,01;0,0;0;20,9;0;0;250,0
20:54:59.466;0,01;0,0;0;20,9;0;0;250,0
20:55:00.158;0,01;0,0;0;20,9;0;0;250,0
20:55:00.556;0,01;0,0;0;20,9;0;0;250,0
20:55:00.989;0,01;0,0;0;20,9;0;0;250,0
20:55:01.339;0,01;0,0;0;20,9;0;0;250,0
20:55:01.707;0,01;0,0;0;20,9;0;0;250,0
20:55:01.982;0,01;0,0;0;20,9;0;0;250,0
20:55:02.257;0,01;0,0;0;20,9;0;0;250,0
20:55:02.599;0,01;0,0;0;20,9;0;0;250,0
20:55:02.999;0,01;0,0;0;20,9;0;0;250,0
20:55:03.391;0,01;0,0;0;20,9;0;0;250,0
20:55:03.784;0,01;0,0;0;20,9;0;0;250,0
20:55:04.190;0,01;0,0;0;20,9;0;0;250,0
20:55:04.572;0,01;0,0;0;20,9;0;0;250,0
20:55:04.857;0,01;0,0;0;20,9;0;0;250,0
20:55:05.032;0,01;0,0;0;20,9;0;0;250,0
20:55:05.374;0,01;0,0;0;20,9;0;0;250,0
20:55:05.783;0,01;0,0;0;20,9;0;0;250,0
20:55:06.174;0,01;0,0;0;20,9;0;0;250,0
20:55:06.589;0,01;0,0;0;20,9;0;0;250,0
20:55:06.925;0,01;0,0;0;20,9;0;0;250,0
20:55:07.317;0,01;0,0;0;20,9;0;0;250,0
20:55:07.541;0,01;0,0;0;20,9;0;0;250,0
20:55:07.815;0,01;0,0;1;20,9;0;0;250,0
20:55:07.973;0,01;0,0;1;20,9;0;0;250,0
20:55:08.366;0,01;0,0;1;20,9;0;0;250,0
20:55:08.757;0,01;0,0;1;20,9;0;0;250,0
20:55:09.191;0,01;0,0;1;20,9;0;0;250,0
20:55:09.517;0,01;0,0;1;20,9;0;0;250,0
20:55:09.974;0,01;0,0;1;20,9;0;0;250,0
20:55:10.141;0,01;0,0;1;20,9;0;0;250,0
20:55:10.365;0,01;0,0;1;20,9;0;0;250,0
20:55:10.698;0,01;0,0;1;20,9;0;0;250,0
20:55:11.056;0,01;0,0;1;20,9;0;0;250,0
20:55:11.343;0,01;0,0;1;20,9;0;0;250,0
20:55:11.741;0,01;0,0;1;20,9;0;0;250,0
20:55:12.234;0,01;0,0;1;20,9;0;0;250,0
20:55:12.682;0,01;0,0;1;20,9;0;0;250,0
20:55:12.849;0,01;0,0;1;20,9;0;0;250,0
20:55:13.182;0,01;0,0;1;20,9;0;0;250,0
20:55:13.573;0,01;0,0;1;20,9;0;0;250,0
20:55:13.915;0,01;0,0;1;20,9;0;0;250,0
20:55:14.298;0,01;0,0;1;20,9;0;0;250,0
20:55:14.690;0,01;0,0;1;20,9;0;0;250,0
20:55:15.074;0,01;0,0;1;20,9;0;0;250,0
20:55:15.466;0,0;0,0;1;20,9;0;0;250,0
20:55:15.682;0,0;0,0;1;20,9;0;0;250,0
20:55:16.041;0,0;0,0;1;20,9;0;0;250,0
20:55:16.416;0,0;0,0;1;20,9;0;0;250,0
20:55:16.757;0,0;0,0;1;20,9;0;0;250,0
20:55:17.144;0,0;0,0;1;20,9;0;0;250,0
20:55:17.534;0,0;0,0;1;20,9;0;0;250,0
20:55:17.933;0,0;0,0;1;20,9;0;0;250,0
20:55:18.266;0,0;0,0;1;20,9;0;0;250,0
20:55:18.491;0,0;0,0;1;20,9;0;0;250,0
20:55:18.839;0,0;0,0;1;20,9;0;0;250,0
20:55:19.173;0,0;0,0;1;20,9;0;0;250,0
20:55:19.565;0,0;0,0;1;20,9;0;0;250,0
20:55:19.856;0,0;0,0;1;20,9;0;0;250,0
20:55:20.240;0,0;0,0;1;20,9;0;0;250,0
20:55:20.624;0,0;0,0;1;20,9;0;0;250,0
20:55:20.944;0,0;0,0;1;20,9;0;0;250,0
20:55:21.174;0,0;0,0;1;20,9;0;0;250,0
20:55:21.573;0,0;0,0;1;20,9;0;0;250,0
20:55:21.965;0,0;0,0;1;20,9;0;0;250,0
20:55:22.374;0,0;0,0;1;20,9;0;0;250,0
20:55:22.707;0,0;0,0;1;20,9;0;0;250,0
20:55:23.142;0,0;0,0;1;20,9;0;0;250,0
20:55:23.526;0,0;0,0;1;20,9;0;0;250,0
20:55:23.917;0,0;0,0;1;20,9;0;0;250,0
20:55:24.100;0,0;0,0;0;20,9;0;0;250,0
20:55:24.483;0,0;0,0;0;20,9;0;0;250,0
20:55:24.823;0,0;0,0;0;20,9;0;0;250,0
20:55:25.214;0,0;0,0;0;20,9;0;0;250,0
20:55:25.682;0,0;0,0;0;20,9;0;0;250,0
04:55:54.917;0,0;0,0;0;20,9;0;0;250,0
04:55:55.388;0,0;0,0;0;20,9;0;0;250,0
04:55:56.004;0,0;0,0;0;20,9;0;0;250,0
04:55:56.469;0,0;0,0;0;20,9;0;0;250,0
05:50:13.311;0,0;0,0;0;20,9;0;0;250,0
05:50:13.926;0,0;0,0;0;20,9;0;0;250,0
05:50:14.532;0,0;0,0;0;20,9;0;0;250,0
06:20:10.395;0,0;0,0;0;20,9;0;0;250,0
06:20:10.969;0,0;0,0;0;20,9;0;0;250,0
06:20:11.597;0,0;0,0;0;20,9;0;0;250,0
06:20:12.014;0,0;0,0;0;20,9;0;0;250,0
06:20:12.690;0,0;0,0;0;20,9;0;0;250,0
06:20:13.382;0,0;0,0;0;20,9;0;0;250,0
06:20:13.976;0,0;0,0;0;20,9;0;0;250,0
06:20:14.402;0,0;0,0;0;20,9;0;0;250,0
06:20:14.822;0,0;0,0;0;20,9;0;0;250,0
06:20:15.238;0,0;0,0;0;20,9;0;0;250,0
06:20:15.588;0,0;0,0;0;20,9;0;0;250,0
06:20:15.768;0,0;0,0;0;20,9;0;0;250,0
06:20:16.183;0,0;0,0;0;20,9;0;0;250,0
06:20:16.535;0,0;0,0;0;20,9;0;0;250,0
06:20:16.920;0,0;0,0;0;20,9;0;0;250,0
06:20:17.329;0,0;0,0;0;20,9;0;0;250,0
06:20:17.671;0,0;0,0;0;20,9;0;0;250,0
06:20:18.065;0,0;0,0;0;20,9;0;0;250,0
06:20:18.404;0,0;0,0;0;20,9;0;0;250,0
06:20:18.638;0,0;0,0;0;20,9;0;0;250,0
06:20:19.054;0,0;0,0;0;20,9;0;0;250,0
06:20:19.397;0,0;0,0;0;20,9;0;0;250,0
