Data e Hora,Direção,Hex,ASCII,Nota
08:03:04.346,SOF_TO_EQP,03 00 02 00 00 00 40 CD 12 01,,
08:03:04.397,EQP_TO_SOF,03 06 14 00 00 00 01 00 00 00 00 00 45 08 FF FF 00 00 C4 09 D6 0A B8 27 F0 FF 00 00 09 00 4D 0D 90 16 00 00,,
08:03:04.455,EQP_TO_SOF,C6 18 06 A2 6C 8F E4 36 88 0B,,
08:03:05.347,SOF_TO_EQP,03 00 02 00 00 00 40 CD 12 01,,
08:03:05.405,EQP_TO_SOF,03 06 14 00 00 00 01 00 00 00 00 00 45 08 FF FF 00 00 C4 09 D6 0A B8 27 F0 FF 00 00 09 00 4E 0D 90 16 00 00 C1 18 0B A2 56 8F F2,,
08:03:05.463,EQP_TO_SOF,36 81 0B,,
08:03:06.353,SOF_TO_EQP,03 00 02 00 00 00 40 CD 12 01,,
08:03:06.403,EQP_TO_SOF,03 06 14 00 00 00 01 00 00 00 00 00 45 08 FF FF 00 00 C4 09 D6 0A B8 27 0E 00 00 00 09 00 4E 0D 90 16 00 00,,
08:03:06.458,EQP_TO_SOF,C1 18 07 A2 4D 8F F2 36 93 09,,
08:03:07.306,SOF_TO_EQP,03 00 02 00 00 00 40 CD 12 01,,
08:03:07.363,EQP_TO_SOF,03 06 14 00 00 00 01 00 00 00 00 00 45 08 FF FF 00 00 C4 09 D6 0A B8 27 0E 00 00 00 09 00 50 0D 90 16 00 00 C5 18 09 A2 46 8F,,
08:03:07.427,EQP_TO_SOF,E4 36 86 09,,
08:03:08.327,SOF_TO_EQP,03 00 02 00 00 00 40 CD 12 01,,
08:03:08.390,EQP_TO_SOF,03 06 14 00 00 00 01 00 00 00 00 00 45 08 FF FF 00 00 C4 09 D6 0A B8 27 16 00 00 00 09 00 51 0D 90 16 00 00 C4 18 0A A2 46 8F F1 36 9C 09,,
08:03:09.325,SOF_TO_EQP,03 00 02 00 00 00 40 CD 12 01,,
08:03:09.376,EQP_TO_SOF,03 06 14 00 00 00 01 00 00 00 00 00 45 08 FF FF 00 00 C4 09 D7 0A B8 27 16 00 00 00 09 00 51 0D 90 16 00 00 C2,,
08:03:09.434,EQP_TO_SOF,18 0E A2 5C 8F E7 36 AB 09,,
08:03:10.327,SOF_TO_EQP,03 00 02 00 00 00 40 CD 12 01,,
08:03:10.385,EQP_TO_SOF,03 06 14 00 00 00 01 00 00 00 00 00 45 08 FF FF 00 00 C4 09 D8 0A B8 27 F0 FF 00 00 0A 00 51 0D 90 16 00 00 C0 18 0E A2 48 8F EA 36,,
08:03:10.451,EQP_TO_SOF,73 0B,,
08:03:11.316,SOF_TO_EQP,03 00 02 00 00 00 40 CD 12 01,,
08:03:11.373,EQP_TO_SOF,03 06 14 00 00 00 01 00 00 00 00 00 45 08 FF FF 00 00 C4 09 DA 0A B8 27 F0 FF 00 00 0A 00 53 0D 90 16 00 00 C2 18 05 A2 3A 8F E7,,
08:03:11.437,EQP_TO_SOF,36 5F 0B,,
08:03:12.314,SOF_TO_EQP,03 00 02 00 00 00 40 CD 12 01,,
08:03:12.371,EQP_TO_SOF,03 06 14 00 00 00 01 00 00 00 00 00 45 08 FF FF 00 00 C4 09 DA 0A B8 27 0E 00 00 00 0A 00 54 0D 90 16 00 00 C2 18 05 A2 4B 8F,,
08:03:12.422,EQP_TO_SOF,E7 36 90 09,,
08:03:13.338,SOF_TO_EQP,03 00 02 00 00 00 40 CD 12 01,,
08:03:13.390,EQP_TO_SOF,03 06 14 00 00 00 01 00 00 00 00 00 45 08 FF FF 00 00 C4 09 DA 0A B8 27 0E 00 00 00 0A 00 54 0D 90 16 00 00 BD 18,,
08:03:13.452,EQP_TO_SOF,03 A2 33 8F F2 36 7C 09,,
08:03:14.320,SOF_TO_EQP,03 00 02 00 00 00 40 CD 12 01,,
08:03:14.375,EQP_TO_SOF,03 06 14 00 00 00 01 00 00 00 00 00 45 08 FF FF 00 00 C4 09 DA 0A B8 27 16 00 00 00 0A 00 54 0D 90 16 00 00 BB 18 01 A2 33,,
08:03:14.430,EQP_TO_SOF,8F E4 36 72 09,,
08:03:15.335,SOF_TO_EQP,03 00 02 00 00 00 40 CD 12 01,,
08:03:15.393,EQP_TO_SOF,03 06 14 00 00 00 01 00 00 00 00 00 45 08 FF FF 00 00 C4 09 DA 0A B8 27 16 00 00 00 0A 00 56 0D 90 16 00 00 C0 18 11 A2 3F 8F E6,,
08:03:15.459,EQP_TO_SOF,36 97 09,,
08:03:16.342,SOF_TO_EQP,03 00 02 00 00 00 40 CD 12 01,,
08:03:16.399,EQP_TO_SOF,03 06 14 00 00 00 01 00 00 00 00 00 45 08 FF FF 00 00 C4 09 DB 0A B8 27 F0 FF 00 00 0A 00 57 0D 90 16 00 00 C3 18 11 A2 51 8F DF,,
08:03:16.456,EQP_TO_SOF,36 80 0B,,
08:03:17.341,SOF_TO_EQP,03 00 02 00 00 00 40 CD 12 01,,
08:03:17.405,EQP_TO_SOF,03 06 14 00 00 00 01 00 00 00 00 00 45 08 FF FF 00 00 C4 09 DC 0A B8 27 F0 FF 00 00 0A 00 57 0D 90 16 00 00 BD 18 15 A2 69 8F E1 36 99 0B,,
08:03:18.338,SOF_TO_EQP,03 00 02 00 00 00 40 CD 12 01,,
08:03:18.397,EQP_TO_SOF,03 06 14 00 00 00 01 00 00 00 00 00 45 08 FF FF 00 00 C4 09 DC 0A B8 27 0E 00 00 00 0A 00 58 0D 90 16 00 00 BD 18 24 A2 57 8F E1 36 B6,,
08:03:18.455,EQP_TO_SOF,09,,
08:03:19.325,SOF_TO_EQP,03 00 02 00 00 00 40 CD 12 01,,
08:03:19.382,EQP_TO_SOF,03 06 14 00 00 00 01 00 00 00 00 00 45 08 FF FF 00 00 C4 09 DC 0A B8 27 0E 00 00 00 0A 00 5A 0D 90 16 00 00 BF 18 24 A2 5B 8F,,
08:03:19.440,EQP_TO_SOF,E6 36 C3 09,,
08:03:20.324,SOF_TO_EQP,03 00 02 00 00 00 40 CD 12 01,,
08:03:20.379,EQP_TO_SOF,03 06 14 00 00 00 01 00 00 00 00 00 45 08 FF FF 00 00 C4 09 DC 0A B8 27 16 00 00 00 0A 00 5B 0D 90 16 00 00 BD 18 31 A2 5B,,
08:03:20.438,EQP_TO_SOF,8F E9 36 DA 09,,
08:03:21.300,SOF_TO_EQP,03 00 02 00 00 00 40 CD 12 01,,
08:03:21.349,EQP_TO_SOF,03 06 14 00 00 00 01 00 00 00 00 00 45 08 FF FF 00 00 C4 09 DD 0A B8 27 16 00 00 00 0A 00 5B 0D 90 16 00 00 BC,,
08:03:21.405,EQP_TO_SOF,18 33 A2 62 8F DE 36 D8 09,,
08:03:22.344,SOF_TO_EQP,03 00 02 00 00 00 40 CD 12 01,,
08:03:22.402,EQP_TO_SOF,03 06 14 00 00 00 01 00 00 00 00 00 45 08 FF FF 00 00 C4 09 DE 0A B8 27 F0 FF 00 00 0A 00 5B 0D 90 16 00 00 BD 18 33 A2 60 8F E2,,
08:03:22.458,EQP_TO_SOF,36 B5 0B,,
08:03:23.319,SOF_TO_EQP,03 00 02 00 00 00 40 CD 12 01,,
08:03:23.377,EQP_TO_SOF,03 06 14 00 00 00 01 00 00 00 00 00 45 08 FF FF 00 00 C4 09 E0 0A B8 27 F0 FF 00 00 0A 00 5B 0D 90 16 00 00 C0 18 38 A2 51 8F E5 36,,
08:03:23.435,EQP_TO_SOF,B3 0B,,
08:03:24.326,SOF_TO_EQP,03 00 02 00 00 00 40 CD 12 01,,
08:03:24.377,EQP_TO_SOF,03 06 14 00 00 00 01 00 00 00 00 00 45 08 FF FF 00 00 C4 09 E0 0A B8 27 0E 00 00 00 0A 00 5C 0D 90 16 00 00 C0 18,,
08:03:24.442,EQP_TO_SOF,2F A2 3A 8F E5 36 B3 09,,
08:03:25.323,SOF_TO_EQP,03 00 02 00 00 00 40 CD 12 01,,
08:03:25.380,EQP_TO_SOF,03 06 14 00 00 00 01 00 00 00 00 00 45 08 FF FF 00 00 C4 09 E0 0A B8 27 0E 00 00 00 0A 00 5C 0D 90 16 00 00 BD 18 1B A2 4C 8F E9,,
08:03:25.438,EQP_TO_SOF,36 B2 09,,
08:03:26.353,SOF_TO_EQP,03 00 02 00 00 00 40 CD 12 01,,
08:03:26.419,EQP_TO_SOF,03 06 14 00 00 00 01 00 00 00 00 00 45 08 FF FF 00 00 C4 09 E0 0A B8 27 16 00 00 00 0A 00 5D 0D 90 16 00 00 C2 18 2D A2 4C 8F EB 36 D4 09,,
08:03:27.340,SOF_TO_EQP,03 00 02 00 00 00 40 CD 12 01,,
08:03:27.396,EQP_TO_SOF,03 06 14 00 00 00 01 00 00 00 00 00 45 08 FF FF 00 00 C4 09 E0 0A B8 27 16 00 00 00 0A 00 5E 0D 90 16 00 00 C4 18 2D A2 2A 8F,,
08:03:27.453,EQP_TO_SOF,E9 36 B3 09,,
08:03:28.334,SOF_TO_EQP,03 00 02 00 00 00 40 CD 12 01,,
08:03:28.391,EQP_TO_SOF,03 06 14 00 00 00 00 00 00 00 00 00 45 08 FF FF 00 00 C4 09 E0 0A B8 27 F0 FF 00 00 0B 00 5F 0D 90 16 00 00 C2 18 2D A2 26 8F,,
08:03:28.449,EQP_TO_SOF,EC 36 8A 0B,,
08:03:29.335,SOF_TO_EQP,03 00 02 00 00 00 40 CD 12 01,,
08:03:29.390,EQP_TO_SOF,03 06 14 00 00 00 01 00 00 00 00 00 45 08 FF FF 00 00 C4 09 E0 0A B8 27 F0 FF 00 00 0B 00 60 0D 90 16 00 00 C1 18 2E A2 38,,
08:03:29.448,EQP_TO_SOF,8F E4 36 96 0B,,
08:03:30.362,SOF_TO_EQP,03 00 02 00 00 00 40 CD 12 01,,
08:03:30.426,EQP_TO_SOF,03 06 14 00 00 00 01 00 00 00 00 00 45 08 FF FF 00 00 C4 09 E0 0A B8 27 0E 00 00 00 0B 00 61 0D 90 16 00 00 C1 18 3C A2 3B 8F E4 36 C7 09,,
08:03:31.329,SOF_TO_EQP,03 00 02 00 00 00 40 CD 12 01,,
08:03:31.402,EQP_TO_SOF,03 06 14 00 00 00 01 00 00 00 00 00 45 08 FF FF 00 00 C4 09 E0 0A B8 27 0E 00 00 00 0B 00 61 0D 90 16 00 00 BD 18 3B A2 3D 8F E2 36 C2 09,,
08:03:32.306,SOF_TO_EQP,03 00 02 00 00 00 40 CD 12 01,,
08:03:32.331,EQP_TO_SOF,03 06 14 00 00 00 01 00 00 00 00 00,,
08:03:32.387,EQP_TO_SOF,45 08 FF FF 00 00 C4 09 E0 0A B8 27 16 00 00 00 0B 00 61 0D 90 16 00 00 BE 18 31 A2 3D 8F E2 36 C1 09,,
08:03:33.349,SOF_TO_EQP,03 00 02 00 00 00 40 CD 12 01,,
08:03:33.413,EQP_TO_SOF,03 06 14 00 00 00 01 00 00 00 00 00 45 08 FF FF 00 00 C4 09 E0 0A B8 27 16 00 00 00 0B 00 62 0D 90 16 00 00 C1 18 37 A2 26 8F E4 36 B6 09,,
08:03:34.322,SOF_TO_EQP,03 00 02 00 00 00 40 CD 12 01,,
08:03:34.385,EQP_TO_SOF,03 06 14 00 00 00 01 00 00 00 00 00 45 08 FF FF 00 00 C4 09 E1 0A B8 27 F0 FF 00 00 0B 00 63 0D 90 16 00 00 BB 18 37 A2 29 8F E9 36 93 0B,,
08:03:35.352,SOF_TO_EQP,03 00 02 00 00 00 40 CD 12 01,,
08:03:35.417,EQP_TO_SOF,03 06 14 00 00 00 00 00 00 00 00 00 45 08 FF FF 00 00 C4 09 E3 0A B7 27 F0 FF 00 00 0B 00 64 0D 90 16 00 00 BA 18 2E A2 18 8F E9 36 79 0B,,
08:03:36.342,SOF_TO_EQP,03 00 02 00 00 00 40 CD 12 01,,
08:03:36.394,EQP_TO_SOF,03 06 14 00 00 00 00 00 00 00 00 00 45 08 FF FF 00 00 C4 09 E3 0A B7 27 0E 00 00 00 0B 00 64 0D 90 16 00 00 BA 18,,
08:03:36.452,EQP_TO_SOF,31 A2 08 8F E9 36 8B 09,,
08:03:37.323,SOF_TO_EQP,03 00 02 00 00 00 40 CD 12 01,,
08:03:37.376,EQP_TO_SOF,03 06 14 00 00 00 00 00 00 00 00 00 45 08 FF FF 00 00 C4 09 E3 0A B7 27 0E 00 00 00 0B 00 65 0D 90 16 00 00 BD 18,,
08:03:37.433,EQP_TO_SOF,30 A2 05 8F E8 36 8A 09,,
08:03:38.353,SOF_TO_EQP,03 00 02 00 00 00 40 CD 12 01,,
08:03:38.410,EQP_TO_SOF,03 06 14 00 00 00 00 00 00 00 00 00 45 08 FF FF 00 00 C4 09 E3 0A B7 27 16 00 00 00 0B 00 65 0D 90 16 00 00 BC 18 25 A2 05 8F E6,,
08:03:38.468,EQP_TO_SOF,36 84 09,,
08:03:39.340,SOF_TO_EQP,03 00 02 00 00 00 40 CD 12 01,,
08:03:39.403,EQP_TO_SOF,03 06 14 00 00 00 00 00 00 00 00 00 45 08 FF FF 00 00 C4 09 E3 0A B7 27 16 00 00 00 0B 00 66 0D 90 16 00 00 C0 18 34 A2 0A 8F E8 36 9F 09,,
08:03:40.346,SOF_TO_EQP,03 00 02 00 00 00 40 CD 12 01,,
08:03:40.396,EQP_TO_SOF,03 06 14 00 00 00 00 00 00 00 00 00 45 08 FF FF 00 00 C4 09 E3 0A B7 27 F0 FF 00 00 0C 00 66 0D 90 16 00 00 C0,,
08:03:40.454,EQP_TO_SOF,18 34 A2 05 8F ED 36 79 0B,,
08:03:41.335,SOF_TO_EQP,03 00 02 00 00 00 40 CD 12 01,,
08:03:41.391,EQP_TO_SOF,03 06 14 00 00 00 00 00 00 00 00 00 45 08 FF FF 00 00 C4 09 E3 0A B7 27 F0 FF 00 00 0C 00 67 0D 90 16 00 00 BD 18 35 A2 04,,
08:03:41.448,EQP_TO_SOF,8F E9 36 73 0B,,
08:03:42.324,SOF_TO_EQP,03 00 02 00 00 00 40 CD 12 01,,
08:03:42.379,EQP_TO_SOF,03 06 14 00 00 00 00 00 00 00 00 00 45 08 FF FF 00 00 C4 09 E4 0A B7 27 0E 00 00 00 0C 00 68 0D 90 16 00 00 BD 18 2E A2 FA,,
08:03:42.434,EQP_TO_SOF,8E E9 36 82 0A,,
08:03:43.322,SOF_TO_EQP,03 00 02 00 00 00 40 CD 12 01,,
08:03:43.372,EQP_TO_SOF,03 06 14 00 00 00 00 00 00 00 00 00 45 08 FF FF 00 00 C4 09 E5 0A B7 27 0E 00 00 00 0C 00 6A 0D 90 16 00 00,,
08:03:43.422,EQP_TO_SOF,BC 18 2E A2 E4 8E EB 36 70 0A,,
08:03:44.302,SOF_TO_EQP,03 00 02 00 00 00 40 CD 12 01,,
08:03:44.359,EQP_TO_SOF,03 06 14 00 00 00 00 00 00 00 00 00 45 08 FF FF 00 00 C4 09 E5 0A B7 27 16 00 00 00 0C 00 6A 0D 90 16 00 00 BA 18 2B A2 E4 8E F0,,
08:03:44.424,EQP_TO_SOF,36 78 0A,,
08:03:45.318,SOF_TO_EQP,03 00 02 00 00 00 40 CD 12 01,,
08:03:45.384,EQP_TO_SOF,03 06 14 00 00 00 00 00 00 00 00 00 45 08 FF FF 00 00 C4 09 E5 0A B7 27 16 00 00 00 0C 00 6B 0D 90 16 00 00 BD 18 2D A2 DD 8E E8 36 6F 0A,,
08:03:46.350,SOF_TO_EQP,03 00 02 00 00 00 40 CD 12 01,,
08:03:46.406,EQP_TO_SOF,03 06 14 00 00 00 00 00 00 00 00 00 45 08 FF FF 00 00 C4 09 E5 0A B7 27 F0 FF 00 00 0C 00 6C 0D 90 16 00 00 BF 18 2D A2 D8 8E EB,,
08:03:46.463,EQP_TO_SOF,36 49 0C,,
08:03:47.346,SOF_TO_EQP,03 00 02 00 00 00 40 CD 12 01,,
08:03:47.401,EQP_TO_SOF,03 06 14 00 00 00 00 00 00 00 00 00 45 08 FF FF 00 00 C4 09 E5 0A B7 27 F0 FF 00 00 0C 00 6D 0D 90 16 00 00 C1 18 36 A2 C9,,
08:03:47.452,EQP_TO_SOF,8E EA 36 45 0C,,
08:03:48.316,SOF_TO_EQP,03 00 02 00 00 00 40 CD 12 01,,
08:03:48.382,EQP_TO_SOF,03 06 14 00 00 00 00 00 00 00 00 00 45 08 FF FF 00 00 C4 09 E5 0A B7 27 0E 00 00 00 0C 00 6D 0D 90 16 00 00 C1 18 3D A2 CF 8E EA 36 71 0A,,
08:03:49.345,SOF_TO_EQP,03 00 02 00 00 00 40 CD 12 01,,
08:03:49.401,EQP_TO_SOF,03 06 14 00 00 00 00 00 00 00 00 00 45 08 FF FF 00 00 C4 09 E5 0A B7 27 0E 00 00 00 0C 00 6E 0D 90 16 00 00 C4 18 34 A2 CB 8E,,
08:03:49.467,EQP_TO_SOF,EC 36 6A 0A,,
08:03:50.340,SOF_TO_EQP,03 00 02 00 00 00 40 CD 12 01,,
08:03:50.402,EQP_TO_SOF,03 06 14 00 00 00 00 00 00 00 00 00 45 08 FF FF 00 00 C4 09 E5 0A B7 27 16 00 00 00 0C 00 6E 0D 90 16 00 00 BA 18 37 A2 CB 8E EC 36 6B 0A,,
08:03:51.338,SOF_TO_EQP,03 00 02 00 00 00 40 CD 12 01,,
08:03:51.380,EQP_TO_SOF,03 06 14 00 00 00 00 00 00 00 00 00 45 08 FF FF 00 00 C4 09 E6 0A B7 27 16 00 00 00,,
08:03:51.437,EQP_TO_SOF,0C 00 6F 0D 90 16 00 00 BE 18 36 A2 AE 8E EA 36 51 0A,,
08:03:52.300,SOF_TO_EQP,03 00 02 00 00 00 40 CD 12 01,,
08:03:52.365,EQP_TO_SOF,03 06 14 00 00 00 00 00 00 00 00 00 45 08 FF FF 00 00 C4 09 E7 0A B7 27 F0 FF 00 00 0C 00 70 0D 90 16 00 00 C0 18 36 A2 C4 8E E5 36 3F 0C,,
08:03:53.334,SOF_TO_EQP,03 00 02 00 00 00 40 CD 12 01,,
08:03:53.393,EQP_TO_SOF,03 06 14 00 00 00 00 00 00 00 00 00 45 08 FF FF 00 00 C4 09 E8 0A B7 27 F0 FF 00 00 0D 00 71 0D 90 16 00 00 C0 18 2D A2 B6 8E F0 36,,
08:03:53.443,EQP_TO_SOF,36 0C,,
08:03:54.329,SOF_TO_EQP,03 00 02 00 00 00 40 CD 12 01,,
08:03:54.386,EQP_TO_SOF,03 06 14 00 00 00 00 00 00 00 00 00 45 08 FF FF 00 00 C4 09 E9 0A B7 27 0E 00 00 00 0D 00 72 0D 90 16 00 00 C0 18 31 A2 AA 8E F0,,
08:03:54.449,EQP_TO_SOF,36 4F 0A,,
08:03:55.363,SOF_TO_EQP,03 00 02 00 00 00 40 CD 12 01,,
08:03:55.418,EQP_TO_SOF,03 06 14 00 00 00 00 00 00 00 00 00 45 08 FF FF 00 00 C4 09 E9 0A B7 27 0E 00 00 00 0D 00 73 0D 90 16 00 00 C4 18 2D A2 A4,,
08:03:55.481,EQP_TO_SOF,8E EA 36 44 0A,,
08:03:56.344,SOF_TO_EQP,03 00 02 00 00 00 40 CD 12 01,,
08:03:56.400,EQP_TO_SOF,03 06 14 00 00 00 00 00 00 00 00 00 45 08 FF FF 00 00 C4 09 E9 0A B7 27 16 00 00 00 0D 00 73 0D 90 16 00 00 CA 18 30 A2 A4,,
08:03:56.458,EQP_TO_SOF,8E EA 36 55 0A,,
08:03:57.306,SOF_TO_EQP,03 00 02 00 00 00 40 CD 12 01,,
08:03:57.363,EQP_TO_SOF,03 06 14 00 00 00 00 00 00 00 00 00 45 08 FF FF 00 00 C4 09 EA 0A B7 27 16 00 00 00 0D 00 73 0D 90 16 00 00 CB 18 29 A2 B0 8E EE,,
08:03:57.418,EQP_TO_SOF,36 60 0A,,
08:03:58.338,SOF_TO_EQP,03 00 02 00 00 00 40 CD 12 01,,
08:03:58.403,EQP_TO_SOF,03 06 14 00 00 00 00 00 00 00 00 00 45 08 FF FF 00 00 C4 09 EB 0A B7 27 F0 FF 00 00 0D 00 73 0D 90 16 00 00 C6 18 29 A2 A7 8E E3 36 21 0C,,
08:03:59.314,SOF_TO_EQP,03 00 02 00 00 00 40 CD 12 01,,
08:03:59.369,EQP_TO_SOF,03 06 14 00 00 00 00 00 00 00 00 00 45 08 FF FF 00 00 C4 09 EC 0A B7 27 F0 FF 00 00 0D 00 73 0D 90 16 00 00 C5 18 2B A2,,
08:03:59.425,EQP_TO_SOF,B0 8E F2 36 3B 0C,,
08:04:00.308,SOF_TO_EQP,03 00 02 00 00 00 40 CD 12 01,,
08:04:00.366,EQP_TO_SOF,03 06 14 00 00 00 00 00 00 00 00 00 45 08 FF FF 00 00 C4 09 EC 0A B7 27 0E 00 00 00 0D 00 74 0D 90 16 00 00 C5 18 2E A2 AB 8E F2 36,,
08:04:00.416,EQP_TO_SOF,59 0A,,
08:04:01.321,SOF_TO_EQP,03 00 02 00 00 00 40 CD 12 01,,
08:04:01.379,EQP_TO_SOF,03 06 14 00 00 00 00 00 00 00 00 00 45 08 FF FF 00 00 C4 09 EC 0A B7 27 0E 00 00 00 0D 00 75 0D 90 16 00 00 C7 18 2B A2 B0 8E ED 36,,
08:04:01.436,EQP_TO_SOF,59 0A,,
08:04:02.333,SOF_TO_EQP,03 00 02 00 00 00 40 CD 12 01,,
08:04:02.391,EQP_TO_SOF,03 06 14 00 00 00 00 00 00 00 00 00 45 08 FF FF 00 00 C4 09 EC 0A B7 27 16 00 00 00 0D 00 76 0D 90 16 00 00 C4 18 2E A2 B0 8E E0,,
08:04:02.455,EQP_TO_SOF,36 55 0A,,
08:04:03.340,SOF_TO_EQP,03 00 02 00 00 00 40 CD 12 01,,
08:04:03.372,EQP_TO_SOF,03 06 14 00 00 00 01 00 00 00 00 00 45 08 FF FF 00 00 C4,,
08:04:03.429,EQP_TO_SOF,09 ED 0A B7 27 16 00 00 00 0D 00 77 0D 90 16 00 00 CD 18 24 A2 9E 8E E8 36 4D 0A,,
08:04:04.352,SOF_TO_EQP,03 00 02 00 00 00 40 CD 12 01,,
08:04:04.393,EQP_TO_SOF,03 06 14 00 00 00 00 00 00 00 00 00 45 08 FF FF 00 00 C4 09 EE 0A B7 27 F0 FF 00,,
08:04:04.449,EQP_TO_SOF,00 0D 00 78 0D 90 16 00 00 CE 18 24 A2 9F 8E EB 36 2C 0C,,
08:04:05.338,SOF_TO_EQP,03 00 02 00 00 00 40 CD 12 01,,
08:04:05.384,EQP_TO_SOF,03 06 14 00 00 00 00 00 00 00 00 00 45 08 FF FF 00 00 C4 09 EE 0A B7 27 F0 FF 00 00 0D 00 78 0D,,
08:04:05.443,EQP_TO_SOF,90 16 00 00 CB 18 22 A2 9B 8E E9 36 21 0C,,
08:04:06.353,SOF_TO_EQP,03 00 02 00 00 00 40 CD 12 01,,
08:04:06.408,EQP_TO_SOF,03 06 14 00 00 00 00 00 00 00 00 00 45 08 FF FF 00 00 C4 09 EE 0A B7 27 0E 00 00 00 0D 00 79 0D 90 16 00 00 CB 18 2E A2 99 8E,,
08:04:06.465,EQP_TO_SOF,E9 36 4B 0A,,
08:04:07.319,SOF_TO_EQP,03 00 02 00 00 00 40 CD 12 01,,
08:04:07.377,EQP_TO_SOF,03 06 14 00 00 00 00 00 00 00 00 00 45 08 FF FF 00 00 C4 09 EE 0A B7 27 0E 00 00 00 0D 00 79 0D 90 16 00 00 C9 18 27 A2 98 8E E7,,
08:04:07.433,EQP_TO_SOF,36 3F 0A,,
08:04:08.334,SOF_TO_EQP,03 00 02 00 00 00 40 CD 12 01,,
08:04:08.390,EQP_TO_SOF,03 06 14 00 00 00 00 00 00 00 00 00 45 08 FF FF 00 00 C4 09 EE 0A B7 27 16 00 00 00 0D 00 79 0D 90 16 00 00 C5 18 26 A2 98,,
08:04:08.447,EQP_TO_SOF,8E E9 36 44 0A,,
08:04:09.310,SOF_TO_EQP,03 00 02 00 00 00 40 CD 12 01,,
08:04:09.365,EQP_TO_SOF,03 06 14 00 00 00 00 00 00 00 00 00 4C 08 FF FF 00 00 C4 09 EE 0A B7 27 16 00 00 00 0D 00 79 0D 90 16 00 00 C6 18 20 A2,,
08:04:09.423,EQP_TO_SOF,7D 8E EF 36 31 0A,,
08:04:10.369,SOF_TO_EQP,03 00 02 00 00 00 40 CD 12 01,,
08:04:10.423,EQP_TO_SOF,03 06 14 00 00 00 00 00 00 00 00 00 4C 08 FF FF 00 00 C4 09 EF 0A B7 27 F0 FF 00 00 0D 00 79 0D 90 16 00 00 C9 18 20 A2,,
08:04:10.482,EQP_TO_SOF,7E 8E F1 36 11 0C,,
08:04:11.315,SOF_TO_EQP,03 00 02 00 00 00 40 CD 12 01,,
08:04:11.373,EQP_TO_SOF,03 06 14 00 00 00 01 00 00 00 00 00 4C 08 FF FF 00 00 C4 09 F1 0A B7 27 F0 FF 00 00 0D 00 7A 0D 90 16 00 00 CB 18 28 A2 76 8E EA,,
08:04:11.430,EQP_TO_SOF,36 10 0C,,
08:04:12.299,SOF_TO_EQP,03 00 02 00 00 00 40 CD 12 01,,
08:04:12.364,EQP_TO_SOF,03 06 14 00 00 00 01 00 00 00 00 00 4C 08 FF FF 00 00 C4 09 F2 0A B7 27 0E 00 00 00 0D 00 7B 0D 90 16 00 00 CB 18 28 A2 6E 8E EA 36 29 0A,,
08:04:13.335,SOF_TO_EQP,03 00 02 00 00 00 40 CD 12 01,,
08:04:13.391,EQP_TO_SOF,03 06 14 00 00 00 01 00 00 00 00 00 4C 08 FF FF 00 00 C4 09 F2 0A B7 27 0E 00 00 00 0D 00 7C 0D 90 16 00 00 CB 18 2C A2 6B,,
08:04:13.448,EQP_TO_SOF,8E EF 36 30 0A,,
08:04:14.322,SOF_TO_EQP,03 00 02 00 00 00 40 CD 12 01,,
08:04:14.379,EQP_TO_SOF,03 06 14 00 00 00 01 00 00 00 00 00 4C 08 FF FF 00 00 C4 09 F2 0A B7 27 16 00 00 00 0D 00 7C 0D 90 16 00 00 D0 18 34 A2 6B 8E,,
08:04:14.441,EQP_TO_SOF,EB 36 41 0A,,
08:04:15.322,SOF_TO_EQP,03 00 02 00 00 00 40 CD 12 01,,
08:04:15.388,EQP_TO_SOF,03 06 14 00 00 00 01 00 00 00 00 00 4C 08 FF FF 00 00 C4 09 F2 0A B7 27 16 00 00 00 0D 00 7E 0D 90 16 00 00 CC 18 28 A2 81 8E EB 36 49 0A,,
08:04:16.313,SOF_TO_EQP,03 00 02 00 00 00 40 CD 12 01,,
08:04:16.363,EQP_TO_SOF,03 06 14 00 00 00 01 00 00 00 00 00 4C 08 FF FF 00 00 C4 09 F2 0A B7 27 F0 FF 00 00 0D 00 7F 0D 90 16 00 00 CD,,
08:04:16.422,EQP_TO_SOF,18 28 A2 7E 8E EF 36 25 0C,,
08:04:17.334,SOF_TO_EQP,03 00 02 00 00 00 40 CD 12 01,,
08:04:17.392,EQP_TO_SOF,03 06 14 00 00 00 01 00 00 00 00 00 4C 08 FF FF 00 00 C4 09 F2 0A B7 27 F0 FF 00 00 0D 00 7F 0D 90 16 00 00 CA 18 2A A2 6D 8E F1 36,,
08:04:17.448,EQP_TO_SOF,15 0C,,
08:04:18.333,SOF_TO_EQP,03 00 02 00 00 00 40 CD 12 01,,
08:04:18.390,EQP_TO_SOF,03 06 14 00 00 00 01 00 00 00 00 00 4C 08 FF FF 00 00 C4 09 F2 0A B7 27 0E 00 00 00 0D 00 7F 0D 90 16 00 00 CA 18 23 A2 68 8E F1,,
08:04:18.455,EQP_TO_SOF,36 28 0A,,
08:04:19.329,SOF_TO_EQP,03 00 02 00 00 00 40 CD 12 01,,
08:04:19.354,EQP_TO_SOF,03 06 14 00 00 00 01 00 00 00 00 00,,
08:04:19.418,EQP_TO_SOF,4C 08 FF FF 00 00 C4 09 F3 0A B7 27 0E 00 00 00 0D 00 81 0D 90 16 00 00 CA 18 28 A2 73 8E EB 36 35 0A,,
08:04:20.316,SOF_TO_EQP,03 00 02 00 00 00 40 CD 12 01,,
08:04:20.343,EQP_TO_SOF,03 06 14 00 00 00 01 00 00 00 00 00 4C 08,,
08:04:20.399,EQP_TO_SOF,FF FF 00 00 C4 09 F4 0A B7 27 16 00 00 00 0D 00 81 0D 90 16 00 00 C6 18 2D A2 73 8E E2 36 36 0A,,
08:04:21.313,SOF_TO_EQP,03 00 02 00 00 00 40 CD 12 01,,
08:04:21.338,EQP_TO_SOF,03 06 14 00 00 00 01 00 00 00 00 00,,
08:04:21.396,EQP_TO_SOF,4C 08 FF FF 00 00 C4 09 F5 0A B7 27 16 00 00 00 0D 00 82 0D 90 16 00 00 C3 18 2F A2 64 8E EC 36 32 0A,,
08:04:22.343,SOF_TO_EQP,03 00 02 00 00 00 40 CD 12 01,,
08:04:22.375,EQP_TO_SOF,03 06 14 00 00 00 01 00 00 00 00 00 4C 08 FF FF 00 00 C4,,
08:04:22.432,EQP_TO_SOF,09 F5 0A B7 27 F0 FF 00 00 0D 00 82 0D 90 16 00 00 C3 18 2F A2 58 8E EA 36 FD 0B,,
08:04:23.333,SOF_TO_EQP,03 00 02 00 00 00 40 CD 12 01,,
08:04:23.390,EQP_TO_SOF,03 06 14 00 00 00 01 00 00 00 00 00 4C 08 FF FF 00 00 C4 09 F5 0A B7 27 F0 FF 00 00 0D 00 84 0D 90 16 00 00 C1 18 35 A2 61 8E E9,,
08:04:23.448,EQP_TO_SOF,36 0B 0C,,
08:04:24.329,SOF_TO_EQP,03 00 02 00 00 00 40 CD 12 01,,
08:04:24.387,EQP_TO_SOF,03 06 14 00 00 00 01 00 00 00 00 00 4C 08 FF FF 00 00 C4 09 F5 0A B7 27 0E 00 00 00 0D 00 85 0D 90 16 00 00 C1 18 2A A2 5A 8E E9 36,,
08:04:24.444,EQP_TO_SOF,19 0A,,
08:04:25.353,SOF_TO_EQP,03 00 02 00 00 00 40 CD 12 01,,
08:04:25.418,EQP_TO_SOF,03 06 14 00 00 00 01 00 00 00 00 00 4C 08 FF FF 00 00 C4 09 F5 0A B7 27 0E 00 00 00 0D 00 85 0D 90 16 00 00 C3 18 24 A2 56 8E EA 36 12 0A,,
08:04:26.328,SOF_TO_EQP,03 00 02 00 00 00 40 CD 12 01,,
08:04:26.386,EQP_TO_SOF,03 06 14 00 00 00 01 00 00 00 00 00 4C 08 FF FF 00 00 C4 09 F5 0A B7 27 16 00 00 00 0D 00 85 0D 90 16 00 00 C2 18 28 A2 56 8E EC 36,,
08:04:26.452,EQP_TO_SOF,1F 0A,,
08:04:27.327,SOF_TO_EQP,03 00 02 00 00 00 40 CD 12 01,,
08:04:27.359,EQP_TO_SOF,03 06 14 00 00 00 01 00 00 00 00 00 4C 08 FF FF 00 00,,
08:04:27.415,EQP_TO_SOF,C4 09 F7 0A B7 27 16 00 00 00 0E 00 86 0D 90 16 00 00 C6 18 2A A2 40 8E F2 36 19 0A,,
08:04:28.322,SOF_TO_EQP,03 00 02 00 00 00 40 CD 12 01,,
08:04:28.386,EQP_TO_SOF,03 06 14 00 00 00 01 00 00 00 00 00 4C 08 FF FF 00 00 C4 09 F8 0A B7 27 F0 FF 00 00 0E 00 87 0D 90 16 00 00 C9 18 2A A2 33 8E EF 36 E7 0B,,
08:04:29.300,SOF_TO_EQP,03 00 02 00 00 00 40 CD 12 01,,
08:04:29.354,EQP_TO_SOF,03 06 14 00 00 00 01 00 00 00 00 00 4C 08 FF FF 00 00 C4 09 F8 0A B7 27 F0 FF 00 00 0E 00 88 0D 90 16 00 00 CD 18 24 A2,,
08:04:29.419,EQP_TO_SOF,32 8E EC 36 E2 0B,,
08:04:30.305,SOF_TO_EQP,03 00 02 00 00 00 40 CD 12 01,,
08:04:30.369,EQP_TO_SOF,03 06 14 00 00 00 01 00 00 00 00 00 4C 08 FF FF 00 00 C4 09 F8 0A B7 27 0E 00 00 00 0E 00 88 0D 90 16 00 00 CD 18 1E A2 33 8E EC 36 FC 09,,
08:04:31.349,SOF_TO_EQP,03 00 02 00 00 00 40 CD 12 01,,
08:04:31.413,EQP_TO_SOF,03 06 14 00 00 00 01 00 00 00 00 00 4C 08 FF FF 00 00 C4 09 F8 0A B7 27 0E 00 00 00 0E 00 8A 0D 90 16 00 00 D1 18 23 A2 3D 8E EE 36 13 0A,,
08:04:32.325,SOF_TO_EQP,03 00 02 00 00 00 40 CD 12 01,,
08:04:32.384,EQP_TO_SOF,03 06 14 00 00 00 01 00 00 00 00 00 4C 08 FF FF 00 00 C4 09 F8 0A B7 27 16 00 00 00 0D 00 8B 0D 90 16 00 00 CE 18 2E A2 3D 8E EA 36 1F,,
08:04:32.448,EQP_TO_SOF,0A,,
08:04:33.348,SOF_TO_EQP,03 00 02 00 00 00 40 CD 12 01,,
08:04:33.405,EQP_TO_SOF,03 06 14 00 00 00 01 00 00 00 00 00 4C 08 FF FF 00 00 C4 09 F8 0A B7 27 16 00 00 00 0D 00 8B 0D 90 16 00 00 D0 18 29 A2 33 8E EC,,
08:04:33.469,EQP_TO_SOF,36 14 0A,,
08:04:34.323,SOF_TO_EQP,03 00 02 00 00 00 40 CD 12 01,,
08:04:34.382,EQP_TO_SOF,03 06 14 00 00 00 01 00 00 00 00 00 4C 08 FF FF 00 00 C4 09 F8 0A B7 27 F0 FF 00 00 0D 00 8B 0D 90 16 00 00 CD 18 29 A2 2B 8E E6 36,,
08:04:34.438,EQP_TO_SOF,DC 0B,,
08:04:35.314,SOF_TO_EQP,03 00 02 00 00 00 40 CD 12 01,,
08:04:35.371,EQP_TO_SOF,03 06 14 00 00 00 01 00 00 00 00 00 4C 08 FF FF 00 00 C4 09 F8 0A B7 27 F0 FF 00 00 0D 00 8B 0D 90 16 00 00 CC 18 30 A2 2C 8E EB,,
08:04:35.429,EQP_TO_SOF,36 E8 0B,,
08:04:36.347,SOF_TO_EQP,03 00 02 00 00 00 40 CD 12 01,,
08:04:36.377,EQP_TO_SOF,03 06 14 00 00 00 01 00 00 00 00 00 4C 08 FF FF 00 00,,
08:04:36.434,EQP_TO_SOF,C4 09 F8 0A B7 27 0E 00 00 00 0D 00 8B 0D 90 16 00 00 CC 18 2E A2 44 8E EB 36 1D 0A,,
08:04:37.313,SOF_TO_EQP,03 00 02 00 00 00 40 CD 12 01,,
08:04:37.369,EQP_TO_SOF,03 06 14 00 00 00 01 00 00 00 00 00 4C 08 FF FF 00 00 C4 09 F8 0A B7 27 0E 00 00 00 0D 00 8C 0D 90 16 00 00 CE 18 3A A2 46 8E,,
08:04:37.426,EQP_TO_SOF,E7 36 2A 0A,,
08:04:38.334,SOF_TO_EQP,03 00 02 00 00 00 40 CD 12 01,,
08:04:38.398,EQP_TO_SOF,03 06 14 00 00 00 01 00 00 00 00 00 4C 08 FF FF 00 00 C4 09 F8 0A B7 27 16 00 00 00 0D 00 8D 0D 90 16 00 00 CB 18 3E A2 46 8E ED 36 3A 0A,,
08:04:39.319,SOF_TO_EQP,03 00 02 00 00 00 40 CD 12 01,,
08:04:39.377,EQP_TO_SOF,03 06 14 00 00 00 01 00 00 00 00 00 4C 08 FF FF 00 00 C4 09 F8 0A B7 27 16 00 00 00 0D 00 8E 0D 90 16 00 00 C7 18 39 A2 50 8E E5 36,,
08:04:39.434,EQP_TO_SOF,34 0A,,
08:04:40.307,SOF_TO_EQP,03 00 02 00 00 00 40 CD 12 01,,
08:04:40.364,EQP_TO_SOF,03 06 14 00 00 00 01 00 00 00 00 00 4C 08 FF FF 00 00 C4 09 F8 0A B7 27 F0 FF 00 00 0D 00 8E 0D 90 16 00 00 C7 18 39 A2 3A 8E E0,,
08:04:40.422,EQP_TO_SOF,36 F2 0B,,
08:04:41.339,SOF_TO_EQP,03 00 02 00 00 00 40 CD 12 01,,
08:04:41.362,EQP_TO_SOF,03 06 14 00 00 00 01 00 00 00,,
08:04:41.419,EQP_TO_SOF,00 00 50 08 FF FF 00 00 C4 09 F8 0A B7 27 F0 FF 00 00 0D 00 8F 0D 90 16 00 00 C9 18 32 A2 41 8E E1 36 FA 0B,,
08:04:42.338,SOF_TO_EQP,03 00 02 00 00 00 40 CD 12 01,,
08:04:42.395,EQP_TO_SOF,03 06 14 00 00 00 01 00 00 00 00 00 50 08 FF FF 00 00 C4 09 F8 0A B7 27 0E 00 00 00 0D 00 90 0D 90 16 00 00 C9 18 46 A2 49 8E,,
08:04:42.452,EQP_TO_SOF,E1 36 36 0A,,
08:04:43.348,SOF_TO_EQP,03 00 02 00 00 00 40 CD 12 01,,
08:04:43.405,EQP_TO_SOF,03 06 14 00 00 00 01 00 00 00 00 00 53 08 FF FF 00 00 C4 09 F8 0A B7 27 0E 00 00 00 0D 00 92 0D 90 16 00 00 CA 18 44 A2 5B 8E,,
08:04:43.455,EQP_TO_SOF,DA 36 45 0A,,
08:04:44.341,SOF_TO_EQP,03 00 02 00 00 00 40 CD 12 01,,
08:04:44.391,EQP_TO_SOF,03 06 14 00 00 00 01 00 00 00 00 00 5A 08 FF FF 00 00 C4 09 F9 0A B7 27 16 00 00 00 0D 00 92 0D 90 16 00 00 C4,,
08:04:44.448,EQP_TO_SOF,18 4B A2 5B 8E DF 36 5B 0A,,
08:04:45.333,SOF_TO_EQP,03 00 02 00 00 00 40 CD 12 01,,
08:04:45.391,EQP_TO_SOF,03 06 14 00 00 00 01 00 00 00 00 00 5A 08 FF FF 00 00 C4 09 FA 0A B7 27 16 00 00 00 0E 00 92 0D 90 16 00 00 C8 18 4C A2 4D 8E EC 36,,
08:04:45.447,EQP_TO_SOF,61 0A,,
08:04:46.306,SOF_TO_EQP,03 00 02 00 00 00 40 CD 12 01,,
08:04:46.361,EQP_TO_SOF,03 06 14 00 00 00 01 00 00 00 00 00 5A 08 FF FF 00 00 C4 09 FB 0A B7 27 F0 FF 00 00 0E 00 92 0D 90 16 00 00 CC 18 4C A2 31,,
08:04:46.419,EQP_TO_SOF,8E E5 36 1C 0C,,
08:04:47.334,SOF_TO_EQP,03 00 02 00 00 00 40 CD 12 01,,
08:04:47.390,EQP_TO_SOF,03 06 14 00 00 00 01 00 00 00 00 00 5A 08 FF FF 00 00 C4 09 FB 0A B7 27 F0 FF 00 00 0E 00 93 0D 90 16 00 00 C7 18 4F A2 3A 8E E3,,
08:04:47.446,EQP_TO_SOF,36 22 0C,,
08:04:48.356,SOF_TO_EQP,03 00 02 00 00 00 40 CD 12 01,,
08:04:48.416,EQP_TO_SOF,03 06 14 00 00 00 01 00 00 00 00 00 5A 08 FF FF 00 00 C4 09 FB 0A B7 27 0E 00 00 00 0E 00 94 0D 90 16 00 00 C7 18 49 A2 4B 8E E3 36 4D,,
08:04:48.471,EQP_TO_SOF,0A,,
08:04:49.341,SOF_TO_EQP,03 00 02 00 00 00 40 CD 12 01,,
08:04:49.400,EQP_TO_SOF,03 06 14 00 00 00 01 00 00 00 00 00 5A 08 FF FF 00 00 C4 09 FB 0A B7 27 0E 00 00 00 0E 00 94 0D 90 16 00 00 C4 18 4C A2 55 8E E8 36,,
08:04:49.454,EQP_TO_SOF,5C 0A,,
08:04:50.322,SOF_TO_EQP,03 00 02 00 00 00 40 CD 12 01,,
08:04:50.380,EQP_TO_SOF,03 06 14 00 00 00 01 00 00 00 00 00 5A 08 FF FF 00 00 C4 09 FB 0A B7 27 16 00 00 00 0E 00 94 0D 90 16 00 00 C8 18 4E A2 55 8E EC,,
08:04:50.438,EQP_TO_SOF,36 6E 0A,,
08:04:51.315,SOF_TO_EQP,03 00 02 00 00 00 40 CD 12 01,,
08:04:51.373,EQP_TO_SOF,03 06 14 00 00 00 01 00 00 00 00 00 5A 08 FF FF 00 00 C4 09 FB 0A B7 27 16 00 00 00 0E 00 95 0D 90 16 00 00 C8 18 4C A2 52 8E E3 36,,
08:04:51.429,EQP_TO_SOF,61 0A,,
08:04:52.296,SOF_TO_EQP,03 00 02 00 00 00 40 CD 12 01,,
08:04:52.361,EQP_TO_SOF,03 06 14 00 00 00 01 00 00 00 00 00 5A 08 FF FF 00 00 C4 09 FB 0A B7 27 F0 FF 00 00 0E 00 96 0D 90 16 00 00 C0 18 4C A2 41 8E E0 36 1F 0C,,
08:04:53.332,SOF_TO_EQP,03 00 02 00 00 00 40 CD 12 01,,
08:04:53.398,EQP_TO_SOF,03 06 14 00 00 00 01 00 00 00 00 00 5A 08 FF FF 00 00 C4 09 FB 0A B7 27 F0 FF 00 00 0E 00 97 0D 90 16 00 00 C5 18 46 A2 2E 8E DE 36 0A 0C,,
08:04:54.350,SOF_TO_EQP,03 00 02 00 00 00 40 CD 12 01,,
08:04:54.407,EQP_TO_SOF,03 06 14 00 00 00 01 00 00 00 00 00 5A 08 FF FF 00 00 C4 09 FB 0A B7 27 0E 00 00 00 0E 00 97 0D 90 16 00 00 C5 18 55 A2 2C 8E DE,,
08:04:54.465,EQP_TO_SOF,36 36 0A,,
08:04:55.348,SOF_TO_EQP,03 00 02 00 00 00 40 CD 12 01,,
08:04:55.403,EQP_TO_SOF,03 06 14 00 00 00 01 00 00 00 00 00 5A 08 FF FF 00 00 C4 09 FB 0A B7 27 0E 00 00 00 0E 00 98 0D 90 16 00 00 C6 18 4F A2 20,,
08:04:55.461,EQP_TO_SOF,8E DC 36 24 0A,,
08:04:56.323,SOF_TO_EQP,03 00 02 00 00 00 40 CD 12 01,,
08:04:56.380,EQP_TO_SOF,03 06 14 00 00 00 01 00 00 00 00 00 5A 08 FF FF 00 00 C4 09 FB 0A B7 27 16 00 00 00 0E 00 99 0D 90 16 00 00 C3 18 42 A2 20,,
08:04:56.434,EQP_TO_SOF,8E E5 36 26 0A,,
08:04:57.333,SOF_TO_EQP,03 00 02 00 00 00 40 CD 12 01,,
08:04:57.388,EQP_TO_SOF,03 06 14 00 00 00 01 00 00 00 00 00 5A 08 FF FF 00 00 C4 09 FB 0A B7 27 16 00 00 00 0E 00 9A 0D 90 16 00 00 C8 18 46 A2 23 8E,,
08:04:57.446,EQP_TO_SOF,E1 36 2F 0A,,
08:04:58.313,SOF_TO_EQP,03 00 02 00 00 00 40 CD 12 01,,
08:04:58.369,EQP_TO_SOF,03 06 14 00 00 00 01 00 00 00 00 00 5A 08 FF FF 00 00 C4 09 FB 0A B7 27 F0 FF 00 00 0E 00 9B 0D 90 16 00 00 C0 18 46 A2 1F 8E,,
08:04:58.427,EQP_TO_SOF,E9 36 05 0C,,
08:04:59.355,SOF_TO_EQP,03 00 02 00 00 00 40 CD 12 01,,
08:04:59.411,EQP_TO_SOF,03 06 14 00 00 00 01 00 00 00 00 00 5A 08 FF FF 00 00 C4 09 FB 0A B7 27 F0 FF 00 00 0E 00 9B 0D 90 16 00 00 C1 18 42 A2 05,,
08:04:59.469,EQP_TO_SOF,8E E0 36 DF 0B,,
08:05:00.340,SOF_TO_EQP,03 00 02 00 00 00 40 CD 12 01,,
08:05:00.403,EQP_TO_SOF,03 06 14 00 00 00 01 00 00 00 00 00 5A 08 FF FF 00 00 C4 09 FC 0A B7 27 0E 00 00 00 0E 00 9C 0D 90 16 00 00 C1 18 50 A2 1B 8E E0 36 24 0A,,
08:05:01.319,SOF_TO_EQP,03 00 02 00 00 00 40 CD 12 01,,
08:05:01.383,EQP_TO_SOF,03 06 14 00 00 00 01 00 00 00 00 00 5A 08 FF FF 00 00 C4 09 FD 0A B7 27 0E 00 00 00 0E 00 9D 0D 90 16 00 00 C1 18 47 A2 01 8E E1 36 04 0A,,
08:05:02.302,SOF_TO_EQP,03 00 02 00 00 00 40 CD 12 01,,
08:05:02.366,EQP_TO_SOF,03 06 14 00 00 00 01 00 00 00 00 00 5A 08 FF FF 00 00 C4 09 FE 0A B7 27 16 00 00 00 0E 00 9D 0D 90 16 00 00 C4 18 4E A2 01 8E DE 36 14 0A,,
08:05:03.333,SOF_TO_EQP,03 00 02 00 00 00 40 CD 12 01,,
08:05:03.390,EQP_TO_SOF,03 06 14 00 00 00 01 00 00 00 00 00 5A 08 FF FF 00 00 C4 09 FE 0A B7 27 16 00 00 00 0E 00 9D 0D 90 16 00 00 C5 18 50 A2 F9 8D,,
08:05:03.440,EQP_TO_SOF,E4 36 14 0B,,
08:05:04.357,SOF_TO_EQP,03 00 02 00 00 00 40 CD 12 01,,
08:05:04.415,EQP_TO_SOF,03 06 14 00 00 00 01 00 00 00 00 00 5A 08 FF FF 00 00 C4 09 FE 0A B7 27 F0 FF 00 00 0E 00 9E 0D 90 16 00 00 BD 18 50 A2 13 8E E4,,
08:05:04.479,EQP_TO_SOF,36 01 0C,,
08:05:05.298,SOF_TO_EQP,03 00 02 00 00 00 40 CD 12 01,,
08:05:05.354,EQP_TO_SOF,03 06 14 00 00 00 01 00 00 00 00 00 5A 08 FF FF 00 00 C4 09 FE 0A B7 27 0E 00 00 00 0E 00 9F 0D 90 16 00 00 BD 18 4F A2 23,,
08:05:05.418,EQP_TO_SOF,8E E4 36 30 0A,,
08:05:06.342,SOF_TO_EQP,03 00 02 00 00 00 40 CD 12 01,,
08:05:06.400,EQP_TO_SOF,03 06 14 00 00 00 01 00 00 00 00 00 5A 08 FF FF 00 00 C4 09 FE 0A B7 27 0E 00 00 00 0E 00 A0 0D 90 16 00 00 BF 18 4E A2 FC 8D E8,,
08:05:06.464,EQP_TO_SOF,36 0E 0B,,
08:05:07.337,SOF_TO_EQP,03 00 02 00 00 00 40 CD 12 01,,
08:05:07.402,EQP_TO_SOF,03 06 14 00 00 00 01 00 00 00 00 00 5A 08 FF FF 00 00 C4 09 FE 0A B7 27 0E 00 00 00 0E 00 A0 0D 90 16 00 00 C5 18 43 A2 EF 8D E3 36 F7 0A,,
08:05:08.340,SOF_TO_EQP,03 00 02 00 00 00 40 CD 12 01,,
08:05:08.402,EQP_TO_SOF,03 06 14 00 00 00 01 00 00 00 00 00 5A 08 FF FF 00 00 C4 09 FE 0A B7 27 16 00 00 00 0E 00 A1 0D 90 16 00 00 BF 18 45 A2 EF 8D E7 36 00 0B,,
08:05:09.309,SOF_TO_EQP,03 00 02 00 00 00 40 CD 12 01,,
08:05:09.366,EQP_TO_SOF,03 06 14 00 00 00 01 00 00 00 00 00 5A 08 FF FF 00 00 C4 09 FE 0A B7 27 16 00 00 00 0F 00 A2 0D 90 16 00 00 C2 18 4A A2 F3 8D E8,,
08:05:09.424,EQP_TO_SOF,36 0F 0B,,
08:05:10.320,SOF_TO_EQP,03 00 02 00 00 00 40 CD 12 01,,
08:05:10.377,EQP_TO_SOF,03 06 14 00 00 00 01 00 00 00 00 00 5A 08 FF FF 00 00 C4 09 FE 0A B7 27 F0 FF 00 00 0E 00 A3 0D 90 16 00 00 C6 18 4A A2 F4 8D E5,,
08:05:10.434,EQP_TO_SOF,36 EA 0C,,
08:05:11.348,SOF_TO_EQP,03 00 02 00 00 00 40 CD 12 01,,
08:05:11.411,EQP_TO_SOF,03 06 14 00 00 00 01 00 00 00 00 00 59 08 FF FF 00 00 C4 09 FE 0A B8 27 F0 FF 00 00 0E 00 A4 0D 90 16 00 00 C0 18 4B A2 DE 8D E2 36 CD 0C,,
08:05:12.338,SOF_TO_EQP,03 00 02 00 00 00 40 CD 12 01,,
08:05:12.397,EQP_TO_SOF,03 06 14 00 00 00 01 00 00 00 00 00 59 08 FF FF 00 00 C4 09 FE 0A B8 27 0E 00 00 00 0E 00 A4 0D 90 16 00 00 C0 18 56 A2 01 8E E2 36,,
08:05:12.453,EQP_TO_SOF,1B 0A,,
08:05:13.315,SOF_TO_EQP,03 00 02 00 00 00 40 CD 12 01,,
08:05:13.380,EQP_TO_SOF,03 06 14 00 00 00 01 00 00 00 00 00 59 08 FF FF 00 00 C4 09 FE 0A B8 27 0E 00 00 00 0F 00 A4 0D 90 16 00 00 C7 18 4C A2 EE 8D E8 36 0B 0B,,
08:05:14.358,SOF_TO_EQP,03 00 02 00 00 00 40 CD 12 01,,
08:05:14.408,EQP_TO_SOF,03 06 14 00 00 00 00 00 00 00 00 00 59 08 FF FF 00 00 C4 09 FE 0A B8 27 16 00 00 00 0F 00 A4 0D 90 16 00 00,,
08:05:14.466,EQP_TO_SOF,C9 18 55 A2 EE 8D E6 36 1B 0B,,
08:05:15.356,SOF_TO_EQP,03 00 02 00 00 00 40 CD 12 01,,
08:05:15.413,EQP_TO_SOF,03 06 14 00 00 00 01 00 00 00 00 00 59 08 FF FF 00 00 C4 09 FE 0A B8 27 16 00 00 00 0F 00 A4 0D 90 16 00 00 C5 18 4F A2 FD 8D E0,,
08:05:15.469,EQP_TO_SOF,36 1B 0B,,
08:05:16.333,SOF_TO_EQP,03 00 02 00 00 00 40 CD 12 01,,
08:05:16.390,EQP_TO_SOF,03 06 14 00 00 00 01 00 00 00 00 00 59 08 FF FF 00 00 C4 09 FE 0A B8 27 F0 FF 00 00 0F 00 A4 0D 90 16 00 00 C4 18 4F A2 D6 8D E4,,
08:05:16.444,EQP_TO_SOF,36 D0 0C,,
08:05:17.315,SOF_TO_EQP,03 00 02 00 00 00 40 CD 12 01,,
08:05:17.366,EQP_TO_SOF,03 06 14 00 00 00 00 00 00 00 00 00 59 08 FF FF 00 00 C4 09 FE 0A B8 27 F0 FF 00 00 0F 00 A4 0D 90 16 00 00 C3,,
08:05:17.428,EQP_TO_SOF,18 4C A2 F1 8D E5 36 E7 0C,,
08:05:18.351,SOF_TO_EQP,03 00 02 00 00 00 40 CD 12 01,,
08:05:18.407,EQP_TO_SOF,03 06 14 00 00 00 00 00 00 00 00 00 59 08 FF FF 00 00 C4 09 FE 0A B8 27 0E 00 00 00 0F 00 A4 0D 90 16 00 00 C3 18 50 A2 EB 8D,,
08:05:18.458,EQP_TO_SOF,E5 36 04 0B,,
08:05:19.323,SOF_TO_EQP,03 00 02 00 00 00 40 CD 12 01,,
08:05:19.381,EQP_TO_SOF,03 06 14 00 00 00 00 00 00 00 00 00 59 08 FF FF 00 00 C4 09 FE 0A B8 27 0E 00 00 00 0F 00 A4 0D 90 16 00 00 C6 18 4D A2 ED 8D E7 36,,
08:05:19.440,EQP_TO_SOF,08 0B,,
08:05:20.305,SOF_TO_EQP,03 00 02 00 00 00 40 CD 12 01,,
08:05:20.368,EQP_TO_SOF,03 06 14 00 00 00 00 00 00 00 00 00 59 08 FF FF 00 00 C4 09 FE 0A B8 27 16 00 00 00 10 00 A5 0D 90 16 00 00 C1 18 54 A2 ED 8D E6 36 13 0B,,
08:05:21.337,SOF_TO_EQP,03 00 02 00 00 00 40 CD 12 01,,
08:05:21.392,EQP_TO_SOF,03 06 14 00 00 00 01 00 00 00 00 00 5D 08 FF FF 00 00 C4 09 FE 0A B8 27 16 00 00 00 10 00 A6 0D 90 16 00 00 CC 18 50 A2 E7,,
08:05:21.450,EQP_TO_SOF,8D E0 36 14 0B,,
08:05:22.321,SOF_TO_EQP,03 00 02 00 00 00 40 CD 12 01,,
08:05:22.380,EQP_TO_SOF,03 06 14 00 00 00 00 00 00 00 00 00 60 08 FF FF 00 00 C4 09 FF 0A B8 27 F0 FF 00 00 10 00 A7 0D 90 16 00 00 C9 18 50 A2 F9 8D E9 36,,
08:05:22.430,EQP_TO_SOF,09 0D,,
08:05:23.342,SOF_TO_EQP,03 00 02 00 00 00 40 CD 12 01,,
08:05:23.399,EQP_TO_SOF,03 06 14 00 00 00 01 00 00 00 00 00 60 08 FF FF 00 00 C4 09 01 0B B7 27 F0 FF 00 00 10 00 A7 0D 90 16 00 00 CB 18 55 A2 E6 8D E2,,
08:05:23.463,EQP_TO_SOF,36 F9 0B,,
08:05:24.301,SOF_TO_EQP,03 00 02 00 00 00 40 CD 12 01,,
08:05:24.357,EQP_TO_SOF,03 06 14 00 00 00 01 00 00 00 00 00 60 08 FF FF 00 00 C4 09 01 0B B7 27 0E 00 00 00 10 00 A8 0D 90 16 00 00 CB 18 53 A2 D9 8D E2,,
08:05:24.415,EQP_TO_SOF,36 0A 0A,,
08:05:25.341,SOF_TO_EQP,03 00 02 00 00 00 40 CD 12 01,,
08:05:25.400,EQP_TO_SOF,03 06 14 00 00 00 01 00 00 00 00 00 64 08 FF FF 00 00 C4 09 01 0B B7 27 0D 00 00 00 0F 00 A9 0D 90 16 00 00 C8 18 51 A2 DA 8D E9 36,,
08:05:25.454,EQP_TO_SOF,10 0A,,
08:05:26.322,SOF_TO_EQP,03 00 02 00 00 00 40 CD 12 01,,
08:05:26.379,EQP_TO_SOF,03 06 14 00 00 00 01 00 00 00 00 00 64 08 FF FF 00 00 C4 09 01 0B B7 27 16 00 00 00 0F 00 AA 0D 90 16 00 00 C2 18 52 A2 DA 8D E6 36,,
08:05:26.438,EQP_TO_SOF,12 0A,,
08:05:27.319,SOF_TO_EQP,03 00 02 00 00 00 40 CD 12 01,,
08:05:27.377,EQP_TO_SOF,03 06 14 00 00 00 01 00 00 00 00 00 64 08 FF FF 00 00 C4 09 01 0B B7 27 16 00 00 00 0F 00 AA 0D 90 16 00 00 C7 18 55 A2 D8 8D E2 36,,
08:05:27.433,EQP_TO_SOF,14 0A,,
08:05:28.325,SOF_TO_EQP,03 00 02 00 00 00 40 CD 12 01,,
08:05:28.344,EQP_TO_SOF,03 06 14 00 00 00,,
08:05:28.402,EQP_TO_SOF,01 00 00 00 00 00 64 08 FF FF 00 00 C4 09 01 0B B7 27 F0 FF 00 00 0F 00 AA 0D 90 16 00 00 CB 18 55 A2 D6 8D E8 36 F5 0B,,
08:05:29.342,SOF_TO_EQP,03 00 02 00 00 00 40 CD 12 01,,
08:05:29.399,EQP_TO_SOF,03 06 14 00 00 00 01 00 00 00 00 00 64 08 FF FF 00 00 C4 09 01 0B B7 27 F0 FF 00 00 10 00 AA 0D 90 16 00 00 CA 18 51 A2 CC 8D,,
08:05:29.456,EQP_TO_SOF,ED 36 EC 0B,,
08:05:30.340,SOF_TO_EQP,03 00 02 00 00 00 40 CD 12 01,,
08:05:30.390,EQP_TO_SOF,03 06 14 00 00 00 01 00 00 00 00 00 64 08 FF FF 00 00 C4 09 01 0B B7 27 0E 00 00 00 10 00 AA 0D 90 16 00 00,,
08:05:30.442,EQP_TO_SOF,CA 18 4C A2 C1 8D ED 36 FB 09,,
08:05:31.334,SOF_TO_EQP,03 00 02 00 00 00 40 CD 12 01,,
08:05:31.385,EQP_TO_SOF,03 06 14 00 00 00 01 00 00 00 00 00 64 08 FF FF 00 00 C4 09 01 0B B7 27 0D 00 00 00 10 00 AB 0D 90 16 00 00 C7,,
08:05:31.443,EQP_TO_SOF,18 57 A2 B6 8D E8 36 F3 09,,
08:05:32.296,SOF_TO_EQP,03 00 02 00 00 00 40 CD 12 01,,
08:05:32.353,EQP_TO_SOF,03 06 14 00 00 00 01 00 00 00 00 00 64 08 FF FF 00 00 C4 09 02 0B B7 27 16 00 00 00 0F 00 AC 0D 90 16 00 00 CB 18 4F A2 B6 8D E2,,
08:05:32.418,EQP_TO_SOF,36 F3 09,,
08:05:33.315,SOF_TO_EQP,03 00 02 00 00 00 40 CD 12 01,,
08:05:33.373,EQP_TO_SOF,03 06 14 00 00 00 01 00 00 00 00 00 64 08 FF FF 00 00 C4 09 03 0B B7 27 16 00 00 00 0F 00 AD 0D 90 16 00 00 C9 18 4A A2 A6 8D E6 36,,
08:05:33.423,EQP_TO_SOF,E2 09,,
08:05:34.345,SOF_TO_EQP,03 00 02 00 00 00 40 CD 12 01,,
08:05:34.411,EQP_TO_SOF,03 06 14 00 00 00 01 00 00 00 00 00 64 08 FF FF 00 00 C4 09 04 0B B7 27 F0 FF 00 00 0F 00 AD 0D 90 16 00 00 CF 18 4A A2 B8 8D E2 36 D0 0B,,
08:05:35.329,SOF_TO_EQP,03 00 02 00 00 00 40 CD 12 01,,
08:05:35.386,EQP_TO_SOF,03 06 14 00 00 00 01 00 00 00 00 00 64 08 FF FF 00 00 C4 09 04 0B B7 27 F0 FF 00 00 10 00 AD 0D 90 16 00 00 CB 18 4B A2 AE 8D,,
08:05:35.445,EQP_TO_SOF,E8 36 CA 0B,,
08:05:36.319,SOF_TO_EQP,03 00 02 00 00 00 40 CD 12 01,,
08:05:36.374,EQP_TO_SOF,03 06 14 00 00 00 01 00 00 00 00 00 64 08 FF FF 00 00 C4 09 04 0B B7 27 0D 00 00 00 10 00 AD 0D 90 16 00 00 CB 18 4E A2 A8,,
08:05:36.425,EQP_TO_SOF,8D E8 36 E5 09,,
08:05:37.302,SOF_TO_EQP,03 00 02 00 00 00 40 CD 12 01,,
08:05:37.358,EQP_TO_SOF,03 06 14 00 00 00 01 00 00 00 00 00 64 08 FF FF 00 00 C4 09 04 0B B7 27 16 00 00 00 10 00 AD 0D 90 16 00 00 CA 18 53 A2 A8 8D,,
08:05:37.408,EQP_TO_SOF,EC 36 F6 09,,
08:05:38.303,SOF_TO_EQP,03 00 02 00 00 00 40 CD 12 01,,
08:05:38.355,EQP_TO_SOF,03 06 14 00 00 00 01 00 00 00 00 00 64 08 FF FF 00 00 C4 09 04 0B B7 27 16 00 00 00 10 00 AD 0D 90 16 00 00 CD,,
08:05:38.405,EQP_TO_SOF,18 5F A2 B9 8D E9 36 13 0A,,
08:05:39.318,SOF_TO_EQP,03 00 02 00 00 00 40 CD 12 01,,
08:05:39.374,EQP_TO_SOF,03 06 14 00 00 00 01 00 00 00 00 00 64 08 FF FF 00 00 C4 09 04 0B B7 27 16 00 00 00 10 00 AE 0D 90 16 00 00 CF 18 67 A2 C7 8D E7,,
08:05:39.431,EQP_TO_SOF,36 2A 0A,,
08:05:40.313,SOF_TO_EQP,03 00 02 00 00 00 40 CD 12 01,,
08:05:40.371,EQP_TO_SOF,03 06 14 00 00 00 01 00 00 00 00 00 64 08 FF FF 00 00 C4 09 04 0B B7 27 F0 FF 00 00 10 00 AF 0D 90 16 00 00 CE 18 67 A2 CB 8D E8 36,,
08:05:40.422,EQP_TO_SOF,08 0C,,
08:05:41.345,SOF_TO_EQP,03 00 02 00 00 00 40 CD 12 01,,
08:05:41.402,EQP_TO_SOF,03 06 14 00 00 00 01 00 00 00 00 00 64 08 FE FF 00 00 C4 09 04 0B B7 27 F0 FF 00 00 10 00 B0 0D 90 16 00 00 CC 18 5A A2 CE 8D E5 36,,
08:05:41.460,EQP_TO_SOF,F9 0B,,
08:05:42.319,SOF_TO_EQP,03 00 02 00 00 00 40 CD 12 01,,
08:05:42.369,EQP_TO_SOF,03 06 14 00 00 00 01 00 00 00 00 00 64 08 FE FF 00 00 C4 09 04 0B B7 27 0E 00 00 00 10 00 B0 0D 90 16 00 00,,
08:05:42.427,EQP_TO_SOF,CC 18 5F A2 D0 8D E5 36 1F 0A,,
08:05:43.338,SOF_TO_EQP,03 00 02 00 00 00 40 CD 12 01,,
08:05:43.403,EQP_TO_SOF,03 06 14 00 00 00 01 00 00 00 00 00 64 08 FE FF 00 00 C4 09 04 0B B7 27 0E 00 00 00 10 00 B0 0D 90 16 00 00 CE 18 5A A2 B8 8D EA 36 09 0A,,
08:05:44.314,SOF_TO_EQP,03 00 02 00 00 00 40 CD 12 01,,
08:05:44.381,EQP_TO_SOF,03 06 14 00 00 00 01 00 00 00 00 00 64 08 FE FF 00 00 C4 09 04 0B B7 27 16 00 00 00 10 00 B0 0D 90 16 00 00 C7 18 6A A2 B8 8D E8 36 18 0A,,
08:05:45.319,SOF_TO_EQP,03 00 02 00 00 00 40 CD 12 01,,
08:05:45.380,EQP_TO_SOF,03 06 14 00 00 00 01 00 00 00 00 00 64 08 FE FF 00 00 C4 09 04 0B B7 27 16 00 00 00 10 00 B1 0D 90 16 00 00 CA 18 60 A2 C5 8D E3 36 1A 0A,,
08:05:46.299,SOF_TO_EQP,03 00 02 00 00 00 40 CD 12 01,,
08:05:46.361,EQP_TO_SOF,03 06 14 00 00 00 01 00 00 00 00 00 64 08 FE FF 00 00 C4 09 04 0B B7 27 F0 FF 00 00 11 00 B2 0D 90 16 00 00 CA 18 60 A2 CE 8D EF 36 0A 0C,,
